ticker,year,ev_sales,lifecycle_stage,roa,current_ratio,debt_assets,asset_turnover,revenue,total_assets,revenue_growth,r_and_d_ratio,capex_ratio,net_income_margin,ocf_margin
MSFT,2020,12.023750403205632,Maturity,0.1506497217908132,2.515765454294012,0.2231880017656176,0.4865556324814967,143015000000.0,301311000000.0,0.1364557424727636,0.1347341187987274,0.0512460547407827,0.3096248645247002,0.4242561969024228
MSFT,2021,15.203140203388196,Maturity,0.1929521800059834,2.0799936835218875,0.1788698510092007,0.5293359996221008,168088000000.0,333779000000.0,0.175317274411775,0.1232449669220884,0.0617833956000826,0.3645173956498976,0.4565465708438437
NVDA,2022,2.0916769683405136,Early,0.2672586258872537,6.650288350634371,0.287098015253355,0.7375921510592234,26914000000.0,44187000000.0,0.6140329835082459,0.1957345619380248,0.0058388213728019,0.3623393029649996,0.3384112357880657
NVDA,2023,5.1148288888875415,Decline,0.1023322283264416,3.515617857687033,0.2878684862318488,0.6319389942484976,26974000000.0,41182000000.0,0.0022293230289068,0.2720768147104619,0.0090816376086639,0.1619337139467635,0.2091273077778601
ORCL,2020,4.637222271552083,Decline,0.0904317256086407,3.031395348837209,0.0335331519950103,0.3485926646352617,39068000000.0,115438000000.0,-0.0110869235052903,0.1552933346984744,0.0135483982743983,0.2594194737380976,0.3363110474045254
ORCL,2021,5.927988232393672,Maturity,0.1115090551420633,2.299577884456216,0.0789431533022645,0.3283700744286033,40479000000.0,131107000000.0,0.0361165147947169,0.1612441018799871,0.0162844089179067,0.3395834877343808,0.39247511055115
ORCL,2022,4.823096860135128,Decline,0.0558809337615014,1.6212905540464353,0.0608342406470442,0.3530723282474501,42440000000.0,109297000000.0,0.048444872650016,0.1700989632422243,0.0412728620181706,0.1582704995287464,0.2247643732327992
ORCL,2023,5.669125924379787,Early,0.0697879604893282,0.9096578605456908,0.0599848196213834,0.4099950344918151,49954000000.0,134384000000.0,0.1770499528746465,0.1726188093045602,0.0647026431718061,0.1702165992713296,0.3436161268366897
ORCL,2024,9.10736247923945,Maturity,0.0760241138872748,0.7150012680699974,0.1199140279196459,0.3846673445671121,52961000000.0,140976000000.0,0.0601953797493694,0.1683314136817658,0.0487033253887186,0.1976359962991635,0.3525802005249145
CRM,2020,9.375417487789884,Early,0.0839258847049609,1.2347134476534296,0.0831812491515965,0.4380139739071291,21252000000.0,66301000000.0,0.6000602318927872,0.1693017127799736,0.0107087374247748,0.191605495953322,0.2259081498211933
CRM,2021,10.86490784282212,Early,0.061416871540399,1.2347134476534296,0.0831812491515965,0.3205381517624168,21252000000.0,66301000000.0,0.0,0.1693017127799736,0.0107087374247748,0.191605495953322,0.2259081498211933
CRM,2022,5.033356548633601,Early,0.0178812457432976,1.04874242702405,0.139640160068901,0.3280539904649867,26492000000.0,95209000000.0,0.2465650291737248,0.1685414464744073,0.0075308006596015,0.0545070209874679,0.2264834667069304
CRM,2023,8.606301913975635,Maturity,0.0021436890001958,1.0194662237843266,0.1245940778358911,0.3231198919910542,31352000000.0,98849000000.0,0.1834516080326136,0.1612337330951773,0.0080729193011563,0.0066343454963,0.2268116866547588
CRM,2024,9.976699264836734,Maturity,0.0416364661351373,1.0917351958244152,0.1109063041583603,0.3508999758395748,34857000000.0,99823000000.0,0.1117951007910181,0.140746478469174,0.0073730502990292,0.118656224000918,0.2935995639326391
PLTR,2021,22.036080912833626,Early,-0.1752721560321956,4.33785665264271,0.1287542533372338,0.519333426968279,1541889000.0,3247450000.0,0.4111165920636823,0.2513066764209356,0.003888281574774,-0.337494462960693,0.2165207741932136
CSCO,2020,3.901330421318051,Decline,0.1164207925417605,1.7201452765386285,0.1607118383182398,0.5118299886839073,49301000000.0,94853000000.0,-0.0501502774352651,0.1287397821545202,0.0081178244230546,0.2274598892517393,0.3128942617796799
CSCO,2021,4.780394257873055,Maturity,0.1101221731219131,1.4895837300529382,0.1010184928767039,0.5179932414868729,49818000000.0,97497000000.0,0.0104866027058274,0.1314585089726604,0.0070976542867985,0.2125938415833634,0.3102091613473042
CSCO,2022,3.887350352460596,Decline,0.1233635684781643,1.4320202808112326,0.1089232143996936,0.5384571198805216,51557000000.0,94002000000.0,0.0349070617046047,0.1313885602343038,0.0050743601199974,0.2291056500572182,0.2565316057955273
CSCO,2023,3.5229088534195845,Maturity,0.1288000245080519,1.384522022421668,0.0893256882535443,0.5820458096337068,56998000000.0,101852000000.0,0.1055336811684155,0.1324783325730727,0.008335624239092,0.2212884662619741,0.3488894347170076
CSCO,2024,4.960384542074438,Early,0.0912204715709455,0.9082889808791642,0.2561468656812391,0.4755750999933706,53803000000.0,124413000000.0,-0.0560545984069616,0.1483746259502258,0.0053852893186403,0.1918108655651172,0.2022192071074103
IBM,2020,2.4919576966501507,Maturity,0.0362802078161456,0.9823421706087436,0.417462220540998,0.4778083898791849,73620000000.0,155971000000.0,-0.0457179151490012,0.0860228198859005,0.0167851716024132,0.0759304536810649,0.2471746807932627
IBM,2021,3.322820793272489,Maturity,0.039885822232717,0.8786400547309557,0.4103453761713926,0.3983026127540177,57350000000.0,132001000000.0,-0.2209997283346916,0.113129904097646,0.0156210937795925,0.1001394943330427,0.2231211857018308
IBM,2022,3.351629233778316,Maturity,0.0126444585024147,0.924234248531979,0.4176182579788279,0.4669731989939979,60530000000.0,127243000000.0,0.0554489973844812,0.1084916570295721,0.0105781850475075,0.0270774822402114,0.1723938542871303
IBM,2023,3.6456346299884057,Maturity,0.0571615793724569,0.9644217806693628,0.4371085691469303,0.471343015193307,61860000000.0,135241000000.0,0.0219725755823558,0.1095215001616553,0.0092057881855354,0.1212738441642418,0.2252020691884901
IBM,2024,4.712826762380629,Maturity,0.0442191354399154,1.0404320801400035,0.4201057043921997,0.460714495477505,62753000000.0,137175000000.0,0.0144358228257355,0.1191815530731598,0.0076398760707125,0.0959794750848565,0.2142527050499577
INTU,2020,11.90460179378554,Early,0.2121528988032996,2.2612638141116466,0.3109505077303083,0.8921807830835367,7679000000.0,10931000000.0,0.1319280660377358,0.1812736033337674,0.0053974933674869,0.2377913790858184,0.314363849459565
INTU,2021,17.894812377783957,Maturity,0.1559345105304949,1.942372881355932,0.2182907965970611,0.7284758195636556,9633000000.0,15516000000.0,0.254460216173981,0.1741928786463199,0.0034158288218613,0.21405584968338,0.3373819163292847
INTU,2022,8.937768112634476,Early,0.0955375722543352,1.390358126721763,0.232205956587582,0.5884855491329479,12726000000.0,27734000000.0,0.3210837745250701,0.1844255854156844,0.0056609216124612,0.1623448059091623,0.3055948451988056
INTU,2023,12.342004645370322,Maturity,0.0858882444068163,1.46622691292876,0.2210223182145428,0.51763519112296,14368000000.0,27780000000.0,0.129027188433129,0.1767121380846325,0.0075593952483801,0.165924276169265,0.3511971046770601
INTU,2024,11.638110372396063,Maturity,0.0989117372145813,1.2919503404084902,0.1732540769326528,0.5436306582988383,16285000000.0,32132000000.0,0.1334214922048997,0.1691126803807184,0.0059442300510394,0.181946576604237,0.2999078906969604
UBER,2020,9.080703646790589,Early,-0.2082045129435651,1.4394756008739986,0.2737880428244917,0.3426699275529509,11139000000.0,33252000000.0,-0.2126245847176079,0.1979531376245623,0.0185252014916396,-0.6075949367088608,-0.2464314570428225
UBER,2021,5.00414124004918,Early,-0.0137728042651264,0.9772828014184396,0.2816320214576778,0.4846860855802071,17455000000.0,38774000000.0,0.5670167878624652,0.1176740189057576,0.0076855624903285,-0.0284159266685763,-0.0254941277570896
UBER,2022,2.068320934937751,Early,-0.2579179775122385,1.0447305997966791,0.3406521536017939,0.8994258143701592,31877000000.0,32109000000.0,0.8262389000286451,0.087774884713116,0.0078482668410725,-0.2867584778994259,0.0201399127897857
UBER,2023,3.7270423626292817,Maturity,0.0532990622528527,1.194943939073408,0.2844776350810098,1.0530166082928485,37281000000.0,38699000000.0,0.169526617937698,0.0848689681070786,0.0057624228016227,0.0506155950752394,0.0961615836485072
UBER,2024,3.2916271700433013,Maturity,0.2191610242042182,1.06700941094458,0.1912614159706502,0.9779082307683756,43978000000.0,51244000000.0,0.1796357393846731,0.0706944381281549,0.0047225040980407,0.224112056028014,0.1622856882986948
AMD,2020,11.293260333083634,Early,0.3322214809873249,2.5415804716590813,0.0592501673733541,1.30260173448966,9763000000.0,8962000000.0,0.4504531273213489,0.2031137969886305,0.0328051774157554,0.2550445559766465,0.1096998873297142
AMD,2021,10.42057965166096,Decline,0.2957766241055142,2.024292452830189,0.053224897334729,1.5372527009962116,16434000000.0,12419000000.0,0.683294069445867,0.1731167092612875,0.0242370561236814,0.1924059875867105,0.2142509431666058
AMD,2022,3.966124848411371,Decline,0.0330004125051563,2.358140995446695,0.0469813554306007,0.5900323754046926,23601000000.0,67580000000.0,0.4361080686381891,0.2120672852845218,0.0066587747854394,0.0559298334816321,0.1510529214863777
AMD,2023,9.61639518640239,Maturity,0.0126084228398479,2.506802212587831,0.0442365765633055,0.3348466393533385,22680000000.0,67885000000.0,-0.0390237701792296,0.2589065255731922,0.008043013920601,0.0376543209876543,0.0735008818342151
AMD,2024,8.114554487357474,Maturity,0.0239368103215642,2.61626150254086,0.0428018374599139,0.3761186192209232,25785000000.0,69226000000.0,0.1369047619047619,0.2503781268179174,0.0091872995695259,0.0636416521233275,0.1179367849524917
AMAT,2020,4.738114990100559,Maturity,0.1749281001522585,2.9982058757568963,0.2733413859437212,0.8314764241003456,17202000000.0,22353000000.0,0.1775739320920044,0.1298686199279153,0.0188788976871113,0.2103825136612022,0.22113707708406
AMAT,2021,6.050532261072253,Maturity,0.2444269168500145,2.5389344262295084,0.2199419167473378,0.9574079455353066,23063000000.0,25825000000.0,0.340716195791187,0.1077483414993712,0.025866408518877,0.2553006980878463,0.2359623639595889
AMAT,2022,3.772468440748896,Maturity,0.2483301935262887,2.158151511044857,0.2149217989972311,0.9813324199349204,25785000000.0,26726000000.0,0.1180245414733555,0.10746558076401,0.0294469804684576,0.2530541012216405,0.2093853015318983
AMAT,2023,5.089896323352971,Maturity,0.2386563397441476,2.5972599023331524,0.1891698395652315,0.9230528239491776,26517000000.0,30729000000.0,0.0283885980221058,0.1169815589998868,0.0359920596179504,0.2585511181506204,0.3280914130557755
AMAT,2024,5.268301074351147,Maturity,0.2203629217968006,2.5059045819555976,0.1894271847481763,0.8344130922042433,27176000000.0,34409000000.0,0.0248519817475581,0.1189652634677656,0.0345839751227876,0.2640933176332057,0.3192890785987636
ADI,2022,6.826097417452227,Maturity,0.0535654374118222,2.0215675156745427,0.016976185009249,0.2341343879543057,12013953000.0,50302350000.0,0.641634803559194,0.1415452515920446,0.0139020940373561,0.228780735200146,0.3725170224987562
ADI,2023,8.630862652278797,Maturity,0.066895763807899,1.3695912896430489,0.1283529869916837,0.2483538423651663,12305539000.0,48794478000.0,0.0242706126784414,0.1349143666116535,0.025852577006767,0.2693566693827877,0.391501258091986
ADI,2024,12.427901116657324,Maturity,0.0337090613433931,1.835388250097045,0.1441661081941617,0.1943287840053603,9427157000.0,48228277000.0,-0.2339094614222099,0.1578273280056755,0.0151459485065162,0.1734640676929428,0.4086628662278564
LRCX,2020,1.2090521190901329,Maturity,0.1695572879604885,3.4320107688931527,0.4068354886140555,0.756369901334243,10044736000.0,14559047000.0,0.0405215320070038,0.1246834162689791,0.0025971480138775,0.2241724421627407,0.2116980476141931
LRCX,2021,1.0397944763152382,Decline,0.2567030611832394,3.302955298484892,0.3196118436320015,0.9606288409201884,14626150000.0,15892152000.0,0.4561009866262289,0.1021053387255019,0.0038630388131198,0.267223978969175,0.2453251881048669
LRCX,2023,0.8369542108877829,Maturity,0.2507655735460787,3.160972807591451,0.2735559397013349,0.968862483331492,17428516000.0,18781643000.0,0.0116953935032015,0.099099774186167,0.001698413711729,0.258824732983577,0.2971531253722348
LRCX,2024,0.9056973510911892,Maturity,0.2040043786807949,2.969552636225296,0.2501673003737371,0.794395280055191,14905386000.0,18744728000.0,-0.1447702145151084,0.1276346684346182,0.0032449657311645,0.2568046208263241,0.3121199947455235
APP,2023,5.974956259276814,Maturity,0.0636584187804211,1.7118158458334831,0.5903527904512382,0.5858976233941668,3283087000.0,5359187000.0,0.1654310986852241,0.1804356692344735,0.0007922843520854,0.10865109575226,0.3233267957870138
APP,2024,26.011232623544124,Maturity,0.2813881814099653,2.186525978938449,0.6400451913946889,0.8388067235661997,4709248000.0,5869259000.0,0.4343963470964979,0.135624413919165,0.0008137313415543,0.3354624772362806,0.4457210577994618
MU,2023,5.0919414395561855,Early,-0.0893692975937856,4.458342077649528,0.201232608086656,0.2380934141277952,15540000000.0,64254000000.0,-0.4947655894401456,0.2003861003861003,0.1194633797117689,-0.3753539253539253,0.1003217503217503
MU,2024,4.0173773155062005,Maturity,0.0116406074661479,2.63538062283737,0.1784026737351619,0.3757163163013391,25111000000.0,69416000000.0,0.615894465894466,0.1365935247501095,0.1208078829088394,0.0309824379753892,0.3387758352913066
FTNT,2021,3.1235926510461685,Early,0.1218033642458549,1.5532548207583796,0.1738271020932236,0.6708820105182866,3342200000.0,5919100000.0,0.2882362010484119,0.1269223864520375,0.0036998868071159,0.1815570582251211,0.4487164143378613
FTNT,2022,9.311678984841098,Decline,0.1411530324110281,1.237785862785863,0.1690590879897238,0.7273176313688041,4417400000.0,6228000000.0,0.3217042666507091,0.1159958346538688,0.0034039820166987,0.1940734368633132,0.3917689138407207
FTNT,2023,8.23483980241323,Maturity,0.1702096108075243,1.1907233127184726,0.1429968728044194,0.7866596475098058,5304800000.0,7258900000.0,0.2008873998279531,0.115706529935153,0.0032511813084627,0.2163700799276127,0.36485824159252
FTNT,2024,12.288164138601797,Maturity,0.2050522852778757,1.470559263181225,0.1065952412655816,0.6997767594877218,5955800000.0,9763100000.0,0.1227190469009199,0.1203532690822391,0.0023558091180055,0.2930252862755633,0.3791430202491689
SNPS,2020,9.782442700354624,Maturity,0.0920452764772166,1.1912663171835236,0.0735135046279841,0.5105956804820875,3685281000.0,8030062000.0,0.0965833247537562,0.3470622728633176,0.0192672235905526,0.1802703782967974,0.2689925137323314
SNPS,2021,12.715023775032044,Maturity,0.0902754696281003,1.1636045650188689,0.0670785602804304,0.5010263776371351,4204193000.0,8752260000.0,0.1408066304848938,0.357933853179433,0.0107131186687781,0.1801810716111272,0.3550317504453292
SNPS,2022,9.615846856158456,Maturity,0.1083737146021482,1.085842525082907,0.0718924129709143,0.5593225049582157,5081542000.0,9418087000.0,0.2086842825721845,0.3306828911381624,0.0145028390585051,0.1937589023174461,0.3421992773059831
SNPS,2023,13.873567096604116,Maturity,0.1245379398880615,1.1491141539419003,0.0582701409669537,0.5916211344535816,5842619000.0,10333131000.0,0.1497728445420701,0.3332089598859689,0.0183504883466589,0.2105028583927858,0.2915257695221954
SNPS,2024,12.21430480804011,Decline,0.193395974108601,2.4412728480219763,0.0451037020441484,0.5235627486361593,6127436000.0,13073561000.0,0.0487481726944714,0.3398419828456797,0.0094206161580612,0.3693845190712722,0.2296276941937867
DELL,2021,1.32784524778379,Maturity,0.0268289058759431,0.8048289366733171,0.4032816108252643,0.7778236391553435,94224000000.0,123415000000.0,0.0224623998958265,0.0559836135167261,0.0168699104646922,0.0344922737306843,0.1210625742910511
DELL,2022,0.8515017975967399,Decline,0.0514735137635901,0.8010281221651043,0.2984202296867418,0.9363590099467962,101197000000.0,92735000000.0,0.0740044999150959,0.0254651817741632,0.0301504286407505,0.0549719853355336,0.1018508453807919
DELL,2023,0.979248720529782,Maturity,0.0267842453357902,0.819897781391567,0.3372130653602794,1.122053678172266,102301000000.0,89611000000.0,0.0109094143107009,0.0271649348491217,0.0335115108636216,0.0238707344014232,0.0348481442019139
DELL,2024,1.5016466684230882,Maturity,0.0374024461269656,0.7412669608611374,0.3236730865280366,1.029994175888177,88425000000.0,82089000000.0,-0.1356389478108718,0.0316765620582414,0.0335733167659491,0.0363132598247102,0.0981170483460559
MRVL,2023,9.40002723310161,Maturity,-0.0073267957253726,1.3747433695060125,0.208404189662598,0.2652703362441326,5919600000.0,22522100000.0,0.3265557886895858,0.3014223934049598,0.0091554517562749,-0.0276201094668558,0.2177174133387391
MRVL,2024,18.645539157998403,Maturity,-0.0426691291090865,1.68818211884026,0.2054737734649174,0.2517771184852322,5507700000.0,21228500000.0,-0.0695824042165011,0.3442816420647457,0.0158419106389994,-0.1694718303466056,0.2488334513499283
FTV,2024,5.2399931450206,Maturity,0.0490982347861199,1.1581040028591851,0.2035660345202484,0.3673554802979259,6231800000.0,17016100000.0,0.0274512390153825,0.0664334542186848,0.0070756518826288,0.1336531981129047,0.2450014442055265
TDY,2024,4.738913989162246,Maturity,0.0570306734799014,2.334020291693088,0.1942396394493151,0.3947313459851575,5670000000.0,14200500000.0,0.006121905775885,0.0516049382716049,0.0058941586563853,0.1444797178130511,0.2102116402116402
MCHP,2020,6.251903124876165,Maturity,0.0318983902661273,1.3540979601807743,0.5146360918392526,0.2948448824774081,5274200000.0,17426100000.0,-0.0140760818768109,0.1664328239353835,0.0038792386133443,0.1081870236244359,0.2927078988282583
MCHP,2021,6.821016192446055,Maturity,0.0206105902096747,0.8902722443559097,0.4676675486079083,0.3208031877398252,5438400000.0,16478800000.0,0.0311326836297447,0.1537952338923212,0.005619341214166,0.0642468373050897,0.3524014416004707
MCHP,2022,7.844673507998163,Maturity,0.0786760633203073,1.753109363831308,0.4825025463748881,0.4174574564772341,6820900000.0,16199500000.0,0.2542107972933216,0.1450101892712105,0.0228463841476588,0.1884648653403509,0.4167631837440806
MCHP,2023,7.097825064300848,Maturity,0.13740950205405,0.9841916244468673,0.3158341630880313,0.5181916990586372,8438700000.0,16370300000.0,0.2371827764664487,0.1325204119117873,0.029700127670232,0.2651711756550179,0.4290945287781293
MCHP,2024,5.483523574092804,Maturity,0.1182812039635895,1.1959196634119236,0.3231295516972003,0.4735466062927411,7634400000.0,15873200000.0,-0.0953108891179921,0.1437441056271612,0.0179610916513368,0.2497773236927591,0.37890338467987
SMCI,2021,0.0081690997533989,Maturity,0.0537733649633106,1.927202713191096,0.0502813604500339,1.710048286188804,3557422000.0,2241964000.0,0.0653257392833966,0.0630706730885455,0.0258773111432654,0.0314455243150798,0.0345629503612447
SMCI,2022,0.0670874337544151,Early,0.1047038199271861,1.909026655347124,0.191391657673123,1.907861167191508,5196099000.0,3205077000.0,0.4606361010866858,0.0523995020110278,0.0140970092138192,0.054880209172304,-0.0848330641891157
UI,2023,4.873623325970594,Early,0.3621687246874988,3.317171613812784,0.7991622576523447,1.7240482588375252,1940512000.0,1406399000.0,0.147083511655786,0.074811183852509,0.0148848228703234,0.2100687859698883,-0.0749431077983542
UI,2024,11.539550244837807,Maturity,0.273319663184827,3.216439423998652,0.64410453113793,1.5061556670914018,1928490000.0,1154412000.0,-0.0061952721755907,0.0828461646158393,0.010373246293351,0.1814684027399675,0.2807979299866735
SSNC,2020,6.559327726311435,Maturity,0.038279855623961,1.0066570314895107,0.4215190032404732,0.285807002666487,4667900000.0,15923600000.0,0.0075546633857842,0.0855631011804023,0.0021854354542942,0.1339360311917564,0.2537972107371623
SSNC,2021,6.168703466756826,Early,0.0481107509486838,1.104152060450261,0.3559510759822304,0.3037592538022527,5051000000.0,17333000000.0,0.0820711669058891,0.0821421500692932,0.0029596723013904,0.1583844783211245,0.2829142744011086
SSNC,2022,4.764397516212185,Maturity,0.0382624763507648,1.1066277159028666,0.4360036749473077,0.3108899762551381,5283000000.0,16653300000.0,0.0459314987131261,0.0846678023850085,0.0038070532567118,0.1230740109786106,0.2147075525269733
SSNC,2023,5.043989205698361,Early,0.0349351762871233,1.074127097749145,0.3793730147769645,0.3166550618889509,5502800000.0,18102500000.0,0.0416051485898163,0.086101620992949,0.0031266399668554,0.1103256523951442,0.2208148578905284
SSNC,2024,5.396511299923868,Maturity,0.0409452125597622,1.116689249707186,0.3762044033248095,0.3166860490158074,5882000000.0,19044700000.0,0.0689103729010685,0.0880142808568514,0.0032239940770923,0.1292927575654539,0.2360761645698741
NTAP,2020,2.3030735763926,Decline,0.1007194244604316,1.1819690265486726,0.1647168306301515,0.6655598598044641,5412000000.0,7522000000.0,-0.1194272697689554,0.1565040650406504,0.0164849773996277,0.151330376940133,0.1958610495195861
NTAP,2021,3.031602478292992,Decline,0.0864826442364648,1.738412514484357,0.2887820512820512,0.6804880938277456,5744000000.0,9360000000.0,0.0613451589061345,0.1533774373259052,0.0173076923076923,0.1270891364902507,0.2320682451253481
NTAP,2022,2.190857513483628,Maturity,0.0966676983390075,1.5039210726030865,0.2636146020347097,0.6518105849582173,6318000000.0,10026000000.0,0.0999303621169916,0.1394428616650838,0.0225413923798124,0.1483064260842038,0.1916745805634694
NTAP,2023,3.3334690323043867,Maturity,0.1284015319492037,1.3498702047880011,0.2685883071908739,0.6412013706913928,6362000000.0,9818000000.0,0.0069642291864514,0.150267211568689,0.0243430433896924,0.2002514932411191,0.1740018861993084
NTAP,2024,4.4267240722086605,Maturity,0.1000761228114691,1.1926449098879688,0.2237281278446445,0.6361837097183456,6268000000.0,9887000000.0,-0.0147752279157497,0.1641671984684109,0.0156771518155153,0.1573069559668155,0.2688257817485641
GEN,2021,7.63100679575283,Maturity,0.0786038592508513,0.7200374531835206,0.5272755855997485,0.3619466515323496,2551000000.0,6361000000.0,0.0244979919678714,0.1046648373186985,0.0009432479169941,0.2171697373578988,0.2767542140337122
GEN,2022,5.875626106971664,Decline,0.1256764882742032,0.7373572593800979,0.4048682125882183,0.4203247143716175,2796000000.0,6943000000.0,0.0960407683261466,0.090486409155937,0.0008641797493878,0.2989985693848355,0.3483547925608011
STX,2020,1.9919703837479497,Maturity,0.1127140050519225,1.511388684790595,0.4708846584546473,1.179792309851249,10509000000.0,8930000000.0,0.0114533205004812,0.092587306118565,0.0655095184770436,0.0955371586259396,0.1630982966980683
STX,2021,2.875688583151193,Maturity,0.1492757739278614,1.2937350222526531,0.5686455331412104,1.213405282590173,10681000000.0,8675000000.0,0.0163669235893044,0.0845426458196798,0.0574063400576368,0.1230221889336204,0.1522329369909184
STX,2022,1.717016440046813,Maturity,0.1871842896872694,1.1344585091420534,0.5699910554561717,1.323684658607185,11661000000.0,8944000000.0,0.0917517086415129,0.0806963382214218,0.0425983899821109,0.1414115427493354,0.1420975902581253
STX,2023,3.550359563875616,Decline,-0.0641212121212121,1.120756172839506,0.7571466384330333,0.8950303030303031,7384000000.0,7556000000.0,-0.366778149386845,0.1079360780065005,0.0418210693488618,-0.0716413867822318,0.1275731310942578
STX,2024,4.389914717014587,Decline,0.0438051650866296,1.0751855437237818,0.7149502519705389,0.8566198103955541,6551000000.0,7739000000.0,-0.1128114842903575,0.0998320867043199,0.0328207778782788,0.0511372309571057,0.1401312776675316
FFIV,2020,4.233155885183278,Early,0.0762106022474667,1.3921487503871444,0.1512984403324554,0.5827380225688645,2350822000.0,4677920000.0,0.0483289014188518,0.1877317806282228,0.012813387146424,0.1307802121981162,0.2811348541063508
FFIV,2021,5.500524009836089,Maturity,0.0684721762857615,1.1577928419642594,0.1294138011078026,0.5381627253183396,2603416000.0,4997280000.0,0.107449224143725,0.1969055271996484,0.0061335366439343,0.127233219738989,0.2478267015336772
FFIV,2022,3.131502912774778,Decline,0.0627168570242159,1.0392798503873202,0.1179160584315133,0.5248166297009171,2695845000.0,5276194000.0,0.0355029699441042,0.2015575821310201,0.0063727755272076,0.119502419464027,0.1641900776936359
TRMB,2020,5.9724517498584495,Maturity,0.0576877552228206,0.9771982002592848,0.2408643429452224,0.4657187666449666,3147700000.0,6876900000.0,-0.0357197561498636,0.1511897576007878,0.0082595355465398,0.123868221240906,0.2134892143469835
TRMB,2021,6.516863851749132,Maturity,0.0705040603870783,1.2204273935722698,0.2352808608935714,0.5236074839909849,3659100000.0,7099600000.0,0.1624678336563204,0.1466480828619059,0.0064933235675249,0.1346505971413735,0.2051050804842721
TRMB,2023,4.183761350090594,Early,0.0370412236811575,1.0008746515060405,0.3342488442548195,0.4520028795297561,3798700000.0,9539300000.0,0.0332943448576013,0.1748756153420907,0.0044028387827199,0.081949087845842,0.1571853528838813
JBL,2021,0.4588498569715322,Maturity,0.0448288735045126,1.0181596929701395,0.1928065329650534,1.88622638014318,29285000000.0,16654000000.0,0.0740310120449176,0.001161003926925,0.0695928905968536,0.0237664333276421,0.0489329008024585
JBL,2022,0.4102945733831604,Maturity,0.0547689092958675,1.0154048331751475,0.1517472232083988,1.840917214264112,33478000000.0,19717000000.0,0.1431791019293153,0.0009857219666646,0.0702439519196632,0.0297508811756974,0.0493159686958599
JBL,2023,0.5812577470638565,Maturity,0.0417976035359341,1.160299330445057,0.1618616144975288,1.7731790194425283,34702000000.0,19424000000.0,0.0365613238544715,0.0009797706184081,0.0530271828665568,0.0235721284075845,0.0499683015388162
JBL,2024,0.7117330804662528,Decline,0.0754860639021074,1.0856391105075538,0.1823526021554953,1.5707953772943577,28883000000.0,17351000000.0,-0.1676848596622673,0.001350275248416,0.0451847155783528,0.0480559498667036,0.059412110930305
FSLR,2020,3.4367573645701746,Maturity,0.0544773129147971,3.5574015987764898,0.0600266059693081,0.3707900786481973,2711332000.0,7108931000.0,-0.1148454335893797,0.0345726749804155,0.0586072645802864,0.1469222507608806,0.0136906878242871
FSLR,2021,3.0711348538264,Early,0.064546364282563,4.390341983111334,0.0515147133446438,0.4025947833171528,2923377000.0,7413746000.0,0.0782069477290129,0.0339042826156188,0.0728769234878022,0.1603258833876027,0.0812618420408999
FSLR,2022,5.955137228762181,Early,-0.0056388219986831,3.652452487746231,0.0272611543396934,0.3344172802329579,2619319000.0,8251228000.0,-0.1040091647433772,0.0430661557450619,0.1095115781553969,-0.0168616346462572,0.3334336138515393
FSLR,2024,4.7840646046915465,Early,0.1149020122418944,2.449663095287377,0.0557546084284359,0.3740670365490231,4206289000.0,12124361000.0,0.2674882375168821,0.0454973493262113,0.1258685715478119,0.3071695739403545,0.289566171035799
DT,2021,24.940476910124765,Maturity,0.0352297583834345,1.0499621089933648,0.1906358339486698,0.3273430553209666,703509000.0,2256218000.0,0.2889430801956017,0.1583703975357813,0.0062387588433387,0.107623356630832,0.3133378535313691
DT,2022,11.865935574503713,Maturity,0.0218658442431185,1.0956828739404736,0.1282755744084743,0.3874682961725288,929445000.0,2541310000.0,0.3211558061090903,0.168210060842761,0.0069629443082504,0.0564326022518815,0.269964333553895
DT,2023,13.392211938836535,Maturity,0.0406881394444751,1.078242657247578,0.1205772729425999,0.4366327049213846,1158530000.0,2765347000.0,0.2464750469366127,0.1884707344652275,0.0077892575506798,0.093186192847833,0.3063235306811218
PAYC,2020,29.504298839480512,Maturity,0.0563131755746856,1.0853157395388904,0.0392566927104902,0.3303090250919118,841434000.0,2607912000.0,0.1406629784822773,0.1072502418490339,0.0360832727484669,0.1704863364209195,0.2700235550263003
PAYC,2021,22.43102534918912,Early,0.067304853790715,1.1314442753000638,0.0349996656449398,0.3625326010032187,1055524000.0,3215145000.0,0.2544346912532652,0.1121964067136322,0.0375385869066558,0.1856518658031461,0.3025625187110857
PAYC,2022,12.845322688882352,Early,0.0790678619287411,1.1628645241954585,0.0324383288409289,0.386424298554384,1375218000.0,3902513000.0,0.3028770544298377,0.1078687160871949,0.0339980930236491,0.2046141048182906,0.2654873627308543
PAYC,2023,6.445670697703575,Maturity,0.0841446449973407,1.1099890596032655,0.0325564574861603,0.4181884264446697,1693674000.0,4197539000.0,0.2315676496380937,0.1174671158676345,0.0458809316601942,0.2012122757980579,0.2863815586706769
ENTG,2020,7.5940339965489665,Early,0.1085685807785443,4.078489620852141,0.3857540333194411,0.6843531816329768,1859313000.0,2917696000.0,0.1685957716398942,0.0731759526233614,0.0451561780254008,0.1586440798294854,0.2402360441733048
ENTG,2021,8.945627084753433,Maturity,0.1339290741509416,3.465347057131776,0.3123936368854123,0.7525520525756876,2298893000.0,3191896000.0,0.2364206564467628,0.0729185742877115,0.065987738948888,0.1779665256277695,0.1741942752446503
ENTG,2022,4.789154075189533,Early,0.0313440658603456,3.0648247675970657,0.5635392628577364,0.492400241756786,3282033000.0,10138857000.0,0.4276580075714702,0.0697719980268327,0.0459807254407474,0.063655667081958,0.107336824462155
ENTG,2023,7.606770416440625,Decline,0.0190665114349046,3.8469771106722814,0.5250283372960347,0.3718898946402407,3523926000.0,8812591000.0,0.0737021839816967,0.078694331265753,0.051840259011226,0.0512692377762756,0.1786535812613545
ENTG,2024,7.43491000641922,Maturity,0.0340307328131211,3.077630822311673,0.4806486773671709,0.3767267106796098,3241208000.0,8394620000.0,-0.0802281319187746,0.0975287608817453,0.037596222342405,0.0903326784334729,0.1949029497644088
SWKS,2022,2.562415422135853,Maturity,0.1460333820034928,2.632569891596708,0.2700083391557168,0.6281886111826849,5485500000.0,8873800000.0,0.0736724667749701,0.1126424209279008,0.0551511190245441,0.2324674140916963,0.2597028529760277
SWKS,2023,3.502738404299965,Maturity,0.1136152134331377,3.326880820341111,0.1757508870613644,0.5517065980752002,4772400000.0,8426700000.0,-0.1299972655181843,0.127147766323024,0.0249563886218804,0.205934121196882,0.3889866733718883
SWKS,2024,3.1134321100920683,Maturity,0.0713345302214243,5.543388086942094,0.1786244612654376,0.5000598444045482,4178000000.0,8283300000.0,-0.1245494929176095,0.1511967448539971,0.0189537986068354,0.1426519865964576,0.4367400670177118
CIEN,2020,2.232091444108526,Maturity,0.0894920068865728,3.432569432668026,0.1764615274591674,0.874917500210236,3532157000.0,4180917000.0,-0.0111905190487135,0.150018246640792,0.0197724566165747,0.1022862234039993,0.1397599257337655
CIEN,2021,3.019908969289731,Maturity,0.1105876713879416,3.508031638119754,0.14632801306085,0.8004922318282796,3620684000.0,4865227000.0,0.0250631554599639,0.1482222696043068,0.0163507273144706,0.1381495872050695,0.1495977003240271
CIEN,2022,2.2306827341180404,Decline,0.0307809099253446,3.2538452002387124,0.2176720124853244,0.7312959348492012,3632661000.0,5069632000.0,0.0033079385000182,0.1719554893781721,0.0179141207882544,0.0420909080148133,-0.0461799215506208
CIEN,2023,1.8567365144583765,Early,0.0477600913193142,3.8365863000940967,0.2814721784095139,0.822134156963927,4386549000.0,5601495000.0,0.2075305127563513,0.1711046656494661,0.0189586887072112,0.0580928196630198,0.0383745855796891
CIEN,2024,3.438573240235229,Maturity,0.0149350270465662,3.54498319731157,0.2762077500422329,0.7142248501089405,4014955000.0,5641337000.0,-0.0847121507134651,0.191159552224122,0.0242213858168728,0.0209108196729477,0.12815386473821
MTSI,2020,8.51775519363171,Maturity,-0.0409218109042531,5.071290152711954,0.5966436618784607,0.4707251592138906,530037000.0,1146428000.0,0.0606934449718635,0.2666474227270926,0.0153284811606136,-0.086933553695308,0.323367991291174
MTSI,2021,10.109952994679016,Maturity,0.033301279985337,5.605262026568076,0.459115897879019,0.532252201530054,606920000.0,1134145000.0,0.1450521378696204,0.2287682066829236,0.0158304273263118,0.0625667303763263,0.2445330521320767
MTSI,2023,11.115656292307476,Decline,0.0586081359691858,9.113355282849446,0.3025216900886145,0.4149723797391474,648407000.0,1553244000.0,-0.0396389057570685,0.2290922213979799,0.0159015582870431,0.1412338238174479,0.2574262770142827
MTSI,2024,14.453807963017637,Maturity,0.0464561465436685,8.347611476743326,0.2691064227290333,0.4409813097104643,729578000.0,1755640000.0,0.1251852617260455,0.2496758400061405,0.0127816636668109,0.1053472007105477,0.2229233885890199
ENPH,2020,24.080565731109044,Early,0.1400650699698169,1.7471701716902943,0.0167544092085506,0.8095070100479532,774425000.0,1200102000.0,0.240403758891489,0.0722097039739161,0.0171302105987657,0.1730251476902218,0.279347903283081
ENPH,2021,19.9595598973879,Early,0.0887057771673602,3.325316737760234,0.4633936369547569,0.842877782785533,1382049000.0,2079256000.0,0.7846131000419666,0.0763547457434577,0.0251330283524491,0.1052415652411745,0.2547145578774703
ENPH,2022,18.49943450612501,Maturity,0.153910808407262,3.547796289361489,0.3950815101093285,0.9028127236839252,2330853000.0,3084280000.0,0.6865197977785158,0.0724395746964737,0.0150579713904055,0.170479219410233,0.3195469641371635
ENPH,2023,8.068677177745744,Maturity,0.1357402758372437,4.58920572674566,0.3879797056587443,0.7084220103251871,2290786000.0,3383012000.0,-0.017189844232991,0.0992393003973308,0.0326339368586336,0.1916093428194515,0.3041663429058847
ENPH,2024,8.894734820219098,Decline,0.0309551723222922,3.5253987707755448,0.3766938611726215,0.4011595298919533,1330383000.0,3249676000.0,-0.4192460579032699,0.1513210857324544,0.0103407231982511,0.0771642451835298,0.386124146204514
LSCC,2021,20.414301921255625,Maturity,0.136392236099252,2.83808779348471,0.2202468292924649,0.7327474599395263,515327000.0,726494000.0,0.2626849946094286,0.2144618853659909,0.0135376204070508,0.1861381220079677,0.3254671305792244
LSCC,2022,14.45414814140578,Maturity,0.2345675046075713,2.97682397368359,0.1782492584946031,0.8659231173211243,660356000.0,798713000.0,0.2814310137058605,0.2055966781554192,0.0292195068816959,0.270887218409464,0.3616322105046369
LSCC,2023,12.54560134171668,Maturity,0.316003774075129,3.7776796714579057,0.1658841661374679,0.8991837678175318,737154000.0,840894000.0,0.1162978756912937,0.2167389717752328,0.0239007532459501,0.3514340287104187,0.3657146267944011
NXT,2024,0.8355071459107627,Maturity,0.1555129895883215,1.9834691739410373,0.0571573879756167,1.269450359048786,2499841000.0,2518782000.0,0.3142276292401651,0.0169450777069421,0.0024456264972514,0.1225041912665645,0.1716001137672356
CCCS,2022,8.52505560266427,Early,0.0116585896494272,3.160822089532544,0.2472087524593984,0.2375212246527899,782448000.0,3350921000.0,0.1368031986610256,0.20059735599043,0.0143097972169442,0.0490844119992638,0.25548918266773
CCCS,2023,9.674866018156274,Maturity,-0.0281385656676134,2.2889664959746776,0.26820362892653,0.2706601930252308,866378000.0,3051040000.0,0.1072659141565957,0.1998042424899986,0.0180371283234569,-0.1039627045008068,0.2885957399656962
CCCS,2024,9.160492363840664,Maturity,0.0100220427194383,3.646526226056857,0.2539216604078012,0.3030994225776347,944800000.0,3183218000.0,0.0905170722248256,0.2132652413209144,0.016653587658778,0.0330651989839119,0.3004720575783234
SAIC,2020,1.4253322210135262,Maturity,0.0487384084537416,1.267730496453901,0.4294205052005943,1.375673927108044,6379000000.0,4711000000.0,0.369177935179223,0.001097350681925,0.0044576523031203,0.0354287505878664,0.0717980874745257
IDCC,2020,5.530275210821838,Maturity,0.0277546752109509,3.471977468369838,0.2419359329322052,0.2223985761178209,358991000.0,1616275000.0,0.1256318119677415,0.2357886409408592,0.0072964068614561,0.1247970004819062,0.4553512483599867
IDCC,2021,4.953523434581681,Decline,0.0340861001513054,2.8266825635629145,0.2705668252919253,0.2622395113349614,425409000.0,1628156000.0,0.1850129947547431,0.2100754803024853,0.0015422355106021,0.129980794952622,0.3065097353370521
ITRI,2020,2.3620682468148955,Maturity,-0.0218086483492333,1.6916961114677422,0.3718417520673964,0.8178384244639185,2173350000.0,2607023000.0,-0.1315180601565653,0.0893095911841166,0.017724431276594,-0.0266662065474958,0.0503894908781374
ITRI,2021,1.997431415913825,Maturity,-0.0324967160339728,1.495837189634263,0.212024446588882,0.7924999395098357,1981572000.0,2393790000.0,-0.0882407343501967,0.0995346119141772,0.014488321866162,-0.0410053230465509,0.0781167678994253
ITRI,2022,1.695328993085515,Decline,-0.0040789057869999,1.6639201559654373,0.2089485710729421,0.7525623089322672,1795564000.0,2378078000.0,-0.0938689081194122,0.1030862726140644,0.0083037646368201,-0.0054200240147385,0.0136447378094013
ITRI,2023,1.798831255451597,Maturity,0.0389066103664923,1.9534022291879167,0.1871865475952313,0.872534818471879,2173633000.0,2604263000.0,0.2105572399535744,0.0960088478597813,0.0103230741288418,0.0445903241255538,0.0574940663856317
ITRI,2024,2.3534872645161617,Early,0.0795440898247238,3.4374641515148645,0.3720405690418218,0.8120037538968636,2440837000.0,3407623000.0,0.1229296758008366,0.0880984678616392,0.0089687151424908,0.0979602488818384,0.0975792320421232
BOX,2020,3.6831035136424615,Maturity,-0.1792973582618287,0.7926897273108269,0.2563992787432382,0.8648425738688025,696264000.0,959991000.0,0.1444444809709625,0.2868883067342272,0.0056792199093533,-0.2073179138947296,0.0642184573667459
AMKR,2020,1.060186217113477,Maturity,0.0695905690164753,1.620785007754636,0.2466525868270603,1.03943763309167,5050589000.0,5022311000.0,0.2462435690227382,0.027863482853188,0.1101128544210026,0.0669502111535902,0.1524639997433962
AMKR,2021,1.109514147425166,Maturity,0.1162648671690686,1.700603368983798,0.2023552327262454,1.1099184376628772,6138329000.0,6038554000.0,0.215368940137477,0.0270492181178297,0.1291333984924205,0.104750820622355,0.1826710494012295
AMKR,2023,1.3597620452531736,Maturity,0.0529413850572674,2.308319037902454,0.186127563735716,0.9568338782018412,6503065000.0,6771125000.0,-0.0829884997500558,0.0272906698610578,0.1106857427680038,0.055329756045803,0.1952956029195464
AMKR,2024,1.2137455707393487,Maturity,0.0516223561846626,2.111952723712013,0.1753147316774207,0.9212516713811786,6317692000.0,6944328000.0,-0.0285054816459623,0.0257928053472692,0.1071084199939864,0.0560350203840263,0.1723521817777758
SANM,2020,0.3487670307105188,Maturity,0.0363922700841828,1.8517419999750424,0.0922424413993748,1.8130286009594208,6960370000.0,3772656000.0,-0.1546649025687712,0.003241781686893,0.0174895352239907,0.0200726398165614,0.0431808941191344
SANM,2021,0.3799000275635165,Maturity,0.0674233257617294,1.8614226877452869,0.0876951847746426,1.693526873971959,6756643000.0,4206719000.0,-0.0292695646926815,0.0030948801054014,0.0174235550318431,0.0398123742811334,0.0500754590704289
SANM,2022,0.4899625015459597,Maturity,0.0565000691026766,1.5998746363087648,0.0813464348183969,1.7406318995823948,7890475000.0,4859500000.0,0.1678099612485075,0.0027049068655562,0.0285294783413931,0.0324595160620875,0.0419308089817153
SANM,2023,0.3292355999152035,Early,0.0636915845410906,1.907986497040326,0.0818501475594423,1.835943365715077,8935048000.0,4873968000.0,0.1323840453204655,0.0029576785709489,0.0392630809229769,0.0346914756361689,0.0263197243036635
SANM,2024,0.5797976379367232,Maturity,0.045898791695787,1.994368465882302,0.0750254258637795,1.560992874669234,7568328000.0,4822845000.0,-0.1529616852645895,0.0037675428443376,0.023062528445347,0.0294035882165783,0.0449525971918764
NOVT,2020,7.677828984420412,Maturity,0.0513235518742993,2.6628351819590472,0.2632160512448869,0.6808667859808694,590623000.0,865179000.0,-0.0566619655996895,0.1032740005045519,0.0121639568228077,0.07537972615357,0.2374424971597787
NOVT,2021,9.190985322796344,Early,0.0480931764085344,2.0323424197283866,0.3868943539408885,0.6753674759753892,706793000.0,1227883000.0,0.1966906131322349,0.1026071282539583,0.0162686510033936,0.0712103826721543,0.1338793677922673
NOVT,2022,6.900644718687023,Maturity,0.0599823012075274,2.556004668068708,0.3798464726412571,0.6973429535923081,860903000.0,1241212000.0,0.218041208670714,0.0996279487933019,0.0158256607251621,0.0860154976809234,0.1054462581731042
NOVT,2023,7.3054632034905245,Maturity,0.0590758685315093,2.983991377761811,0.3154415459000241,0.7146868520160761,881662000.0,1226056000.0,0.0241130533869669,0.1039876959651204,0.0162806592847308,0.0826597947966454,0.1361916471391531
NOVT,2024,6.8141888505857215,Early,0.0490230313470643,2.5844532781853617,0.3258865072008792,0.7261202332929315,949245000.0,1388511000.0,0.0766540919309213,0.1006220733319638,0.0123600029095916,0.0675136555894421,0.1669874479191357
RELY,2023,3.487912974359177,Early,-0.1360535578109278,2.540945755494917,0.1321598060804434,1.090235351641989,944285000.0,1036306000.0,0.4448329151110839,0.2329159099212631,0.0027569077087269,-0.1247928326723393,-0.0567519340029758
RELY,2024,3.1406690395657706,Maturity,-0.0360905866111126,2.7279397461459904,0.1397423758800479,1.2336298914149435,1263963000.0,1012871000.0,0.3385397417093356,0.2134690651545971,0.00592178075984,-0.029255603209904,0.1538692192730325
GRND,2023,7.922035881101298,Maturity,-0.1262543538033309,1.1831928892993189,0.7373924583047493,0.5879199432208579,259691000.0,444595000.0,0.3316462836192088,0.1129303672441478,0.0011448621779372,-0.2147475268684706,0.1391923478287657
GRND,2024,9.997264230805754,Maturity,-0.2836486464541483,1.725198719933932,0.5772255734830616,0.7462197610657313,344636000.0,479090000.0,0.3271002845689685,0.095193189335995,0.0019724895113652,-0.3801140913891758,0.2755283835699114
BDC,2020,2.345561941951867,Maturity,-0.0168523818783583,2.109217088069191,0.5160067700002612,0.5690729372199741,1862716000.0,3139734000.0,-0.1260098401053264,0.0576019103287887,0.028733325816773,-0.0296137468084238,0.0930705485967801
BDC,2021,2.142683193137666,Maturity,0.0194970240541579,2.041681801544523,0.4468579096269191,0.7344666972986748,2408100000.0,3417677000.0,0.2927896684196625,0.0517669531996179,0.0266210060225117,0.0265458245089489,0.1129749595116481
BDC,2022,2.0074410886452445,Decline,0.0774127908037144,2.4006272668884656,0.3860061518024464,0.7923227089841066,2606485000.0,3161675000.0,0.0823823761471699,0.0400347594557421,0.0332399756458206,0.0977036123361538,0.1079215878856007
BDC,2023,1.942042165150441,Maturity,0.0758400753780225,2.299873402535738,0.3947767276682146,0.7847974324985871,2512084000.0,3240191000.0,-0.0362177415177912,0.0463467782128304,0.0360259626670156,0.0966364978241173,0.1272401719050796
BDC,2024,2.7603558720520467,Maturity,0.0604229910831532,1.9210234718261003,0.3696433046529112,0.7493698738255598,2460979000.0,3327938000.0,-0.0203436668519046,0.0456586586070015,0.03879279000991,0.0806317323309138,0.1430633906262507
ALGM,2022,7.373247010968284,Maturity,0.1455918375807322,4.909588094758354,0.0422889919562635,0.9372370142498496,768674000.0,892620000.0,0.3001774336230796,0.158549658242636,0.078354731016558,0.1553415362039044,0.2031147144303046
ALGM,2023,5.3942580989936895,Maturity,0.1806917336740967,4.027394525933767,0.0322125377279019,0.9390150811925112,973653000.0,1181155000.0,0.2666657126428108,0.1549319932255125,0.0675398233085412,0.1924268707640196,0.1984341444025746
ALGM,2024,4.044926001137708,Early,0.1126184563666816,4.8530464429894495,0.1737975164036657,0.7739385299130674,1049367000.0,1530603000.0,0.0777628169378618,0.1683281444909169,0.0815181990365888,0.1455134381012553,0.1731662993023413
SWI,2020,8.628250972074905,Maturity,0.0287581462133292,1.0438290404801265,0.3498378333321367,0.1849596573883574,1019241000.0,5710483000.0,0.092990536446744,0.1238333230315499,0.0050435313440211,0.1554833449596317,0.3817487718802521
SWI,2024,5.72636234266901,Maturity,0.034865075929208,0.8490180153262832,0.3882011357553354,0.248284716965642,796895000.0,3168288000.0,0.0502873184490075,0.1362776777367156,0.0017709879909907,0.1404237697563669,0.2362895990061426
BLKB,2023,5.546200730945603,Maturity,0.0006164286360229,0.7766504585523628,0.2647785462862589,0.3744065604264331,1105432000.0,2912279000.0,0.0447280751910254,0.1386824336548969,0.0016087057593039,0.0016464151571512,0.1805936502652356
BLKB,2024,5.000766034466693,Maturity,-0.1047234889683679,0.7797383110094506,0.4251867701239925,0.4273285066514496,1155495000.0,2495715000.0,0.0452881769299242,0.1389759367197608,0.0029823116822233,-0.2450655346842695,0.256139576545117
ZI,2022,12.618156235473084,Maturity,0.0090354771146519,1.452767592107561,0.1826691328961381,0.1569771182260727,1098000000.0,7136400000.0,0.4694860813704496,0.1868852459016393,0.0001261140070623,0.0575591985428051,0.3797814207650273
ZI,2023,7.103180379856233,Decline,0.015323427135176,1.3538533834586466,0.1916485884425549,0.1770120031132405,1239500000.0,6868300000.0,0.1288706739526411,0.1531262605889471,0.0002620735844386,0.0865671641791044,0.3508672851956434
ZI,2024,5.139859453823844,Decline,0.0043641598992194,0.6916117159944793,0.2122889479868885,0.1821099438358116,1214300000.0,6467600000.0,-0.0203307785397337,0.1614922177386148,0.0007730842971117,0.0239644239479535,0.3042081857860496
DOCN,2022,9.7091948380259,Maturity,-0.0123990816213728,5.762172033846716,0.8692692581342226,0.2942743284681801,576322000.0,1815908000.0,0.3447840564120393,0.2496607799112301,0.0585872191763018,-0.0421344317933377,0.3386162596603981
DOCN,2023,8.430284217386207,Decline,0.0118460423421705,2.610989125074619,1.0739181651604726,0.4228931527751287,692884000.0,1460967000.0,0.2022515191160497,0.2025808071769589,0.0816575596847841,0.0280119038684686,0.3390784027340796
DOCN,2024,7.623040499816664,Maturity,0.0545112842590698,2.4517118870358217,0.9858341747940074,0.5036255049222866,780615000.0,1639015000.0,0.1266171538092956,0.1825470942782293,0.1087037031387754,0.1082377356315213,0.3621823818399595
ALRM,2020,6.800704704250717,Early,0.0247649063270171,4.403771995922167,0.2018581715952312,0.9585261104036802,618003000.0,731687000.0,0.2301921120783178,0.2461913615306074,0.0220599791987557,0.0258364441596561,0.1651771916964804
ALKT,2022,6.048664446418013,Early,-0.1266486203188908,5.819315614937281,0.1988381725763727,0.4414763425348094,204270000.0,488885000.0,0.342477277058866,0.33939883487541,0.0021620626527711,-0.2868752141773143,-0.1849904538111323
ALKT,2023,8.501948205463144,Decline,-0.1415827435271348,3.768323611463353,0.2487188144813356,0.5959896929257013,264831000.0,399825000.0,0.2964752533411661,0.31967934267514,0.0026461576939911,-0.2375590470904086,-0.0660874293417311
SMTC,2022,2.582809912134722,Maturity,0.1135682438377,3.911985295835637,0.1664613749446243,0.6695469027972272,740858000.0,1130911000.0,0.2448947013780483,0.1996671426913119,0.0231503628490659,0.1696195492253576,0.2741726484697472
SMTC,2023,3.3749508883121218,Early,0.0331735457996794,1.8212848521500296,0.5150356393999442,0.4088771932953551,756533000.0,2569628000.0,0.0211579007043185,0.2213386593843229,0.0110222180019831,0.0811332750851582,0.1674890586398742
SMTC,2024,7.700020411291306,Early,-0.5538572025958554,2.4599688703052185,1.0140762228522968,0.4406178178372115,868758000.0,1373735000.0,0.1483411827375673,0.2146167287092608,0.0212449999454043,-1.257001374375833,-0.1081083569877917
IPGP,2021,5.668316211634884,Maturity,0.0911906508751703,7.490222790835681,0.0108978281302238,0.4784810292422178,1460860000.0,3170540000.0,0.2166492882627481,0.0955416672371069,0.0388287168747279,0.1905836288213792,0.2667606752187068
IPGP,2022,2.8023760207638686,Decline,0.0371702216164847,7.232124261776978,0.0119630515295558,0.4834597603579412,1429547000.0,2743280000.0,-0.0214346343934394,0.0812243319037429,0.0401493832200869,0.0768837960556735,0.1487527167697179
PAR,2020,5.4794413522192205,Early,-0.1371003879173767,6.229610350609375,0.3121638172038318,0.8016559140994561,213786000.0,343749000.0,0.1418240471714237,0.0900526694919218,0.0037789200841311,-0.1710214887784981,-0.0946881460900152
PAR,2021,5.399097351769912,Early,-0.1230605131268984,4.676487598526034,0.3471095503119409,0.4592523082268175,282876000.0,888149000.0,0.3231736409306502,0.1222408405096226,0.0016157198848391,-0.2679583987330137,-0.1879127250102518
PAR,2022,3.549940251531636,Decline,-0.0795395543448764,3.301913776834159,0.4586258770462463,0.4082542410902538,355795000.0,854858000.0,0.2577772592938248,0.1367163675712137,0.0013780066396992,-0.1948284826936859,-0.1210528534689919
PAR,2023,4.539278220652359,Decline,-0.0841671372651231,2.2509597168212183,0.4740383201720395,0.5017581075667406,415823000.0,802606000.0,0.1687151309040318,0.1403385575112487,0.0068738584062416,-0.1677444489602547,-0.041063144655298
PAR,2024,9.131014905638477,Early,-0.0045682449722511,1.949676761715712,0.2711672908547453,0.3205942474189691,349982000.0,1380727000.0,-0.1583390048169533,0.1921755976021624,0.0007025284505916,-0.0142493042499328,-0.0721351383785451
FORM,2020,4.517477951395008,Maturity,0.0870978243568434,3.151134430132431,0.0549969529192279,0.7693598632132789,693616000.0,963217000.0,0.1766893313247289,0.1283620908398883,0.0579983534343766,0.1132081728218495,0.2440197457959447
FORM,2021,4.220039244141678,Maturity,0.0846120226622783,3.522856528227812,0.0455091521969192,0.7759839131901053,769674000.0,1020520000.0,0.109654333233374,0.1311425356709464,0.0651589385803316,0.1090383720900017,0.1810688681181903
FORM,2022,2.2961186282344075,Maturity,0.0500190265129035,3.1707189961715008,0.0416334400552256,0.737338496451999,747937000.0,1008228000.0,-0.0282418270592484,0.1460310159812925,0.0647214717306006,0.067837264368523,0.1761993322967041
FORM,2023,4.364255320007097,Decline,0.0779065182300704,4.37682596590259,0.0349188737922323,0.627040286105771,663102000.0,1106794000.0,-0.1134253286038797,0.1745809845242511,0.0506209827664407,0.12424483714421,0.097423925730883
FORM,2024,4.204244373461101,Maturity,0.0617964686337249,4.607164338193308,0.0259619704854673,0.6778481577303952,763599000.0,1146215000.0,0.1515558692327877,0.1596885276172441,0.03353297592511,0.0911656510812612,0.1539211025682328
APPN,2024,4.861066546772848,Maturity,-0.1477915841036985,1.2277255352975005,0.4718141694804996,0.988388055828318,617022000.0,621039000.0,0.1313968861107189,0.2511693262152727,0.0061155579601281,-0.1495278936569522,0.0111470903792733
TDC,2020,1.531999624719114,Maturity,0.0607058823529411,1.096638655462185,0.2001823985408116,0.864,1836000000.0,2193000000.0,-0.0331753554502369,0.181917211328976,0.020063839489284,0.0702614379084967,0.1454248366013072
TDC,2021,2.4936701564730543,Maturity,0.0674002751031636,1.0706679574056148,0.1576763485477178,0.8789546079779917,1917000000.0,2169000000.0,0.0441176470588235,0.1611893583724569,0.0129091747349008,0.0766823161189358,0.2415232133541992
TDC,2022,2.0963256878086893,Maturity,0.0157480314960629,1.0208540218470703,0.2512363996043521,0.8565974707706991,1795000000.0,2022000000.0,-0.063641105894627,0.1743732590529247,0.0069238377843719,0.0183844011142061,0.2334261838440111
TDC,2023,2.669901646959021,Maturity,0.0318356867779204,0.8724899598393574,0.2594767752269087,0.941206675224647,1833000000.0,1873000000.0,0.0211699164345403,0.160392798690671,0.0101441537640149,0.0338243316966721,0.204582651391162
TDC,2024,2.067156143488204,Maturity,0.0637405647190383,0.8053763440860215,0.2699530516431925,0.9784735812133072,1750000000.0,1704000000.0,-0.0452809601745771,0.1622857142857142,0.0140845070422535,0.0651428571428571,0.1731428571428571
SYNA,2020,1.6045388074529727,Decline,0.0765562572496455,4.414584186808685,0.0676585193057031,0.8595824204150019,1333900000.0,1693800000.0,-0.093941040619481,0.226778619086888,0.0096233321525563,0.0890621485868505,0.1662793312842042
SYNA,2021,7.002897496146081,Early,0.0406060296893332,1.4995551035973052,0.1878929405424824,0.6833647911034025,1339600000.0,2226800000.0,0.0042731838968438,0.2339504329650642,0.009475480510149,0.0594207226037623,0.2382800836070469
SYNA,2022,2.4293145281284256,Early,0.1012802611654113,3.028485110056107,0.3593996011336202,0.6842612440755964,1739700000.0,2858100000.0,0.2986712451478053,0.2111283554635857,0.01088135474616,0.1480140254066793,0.265965396332701
SYNA,2023,3.95439740968832,Maturity,0.026912880519243,4.89042675893887,0.3884506395037145,0.4955114727123137,1355100000.0,2611400000.0,-0.2210725987239179,0.2591690650136521,0.0130964233744351,0.0543133348092391,0.2446313925171574
SYNA,2024,4.3186966621496845,Maturity,0.0462070487822823,4.193001443001443,0.3556814159292035,0.3529541608417335,959400000.0,2825000000.0,-0.2920079698915209,0.3505315822388993,0.0119646017699115,0.1309151553053992,0.1416510318949343
TTMI,2020,1.5665985420141415,Decline,0.0549909809339716,2.410515668492759,0.3833081717049777,0.6521177343164505,2105322000.0,2895944000.0,-0.2171510291866904,0.0093904875358733,0.0356667808493534,0.0843267680668325,0.1364047874861897
TTMI,2024,2.3278758020738644,Maturity,0.016568036540968,1.9859539659899093,0.2856356267282247,0.7188692688068948,2442753000.0,3472494000.0,-0.0209587318229804,0.0130365206797412,0.0534886453367522,0.0230473568142174,0.0969782863842557
PI,2020,7.481745268108814,Early,-0.2456951417444672,6.210415685137535,0.3363035604192355,0.657371611358485,138923000.0,207616000.0,-0.09103221754037,0.3497620984286259,0.0148061806411837,-0.3737538060652304,-0.1214845633912311
PI,2021,11.668113546014022,Early,-0.1959656161772942,7.205081260738529,0.9209538025651508,0.727446846333673,190283000.0,315537000.0,0.3697012013849398,0.3366459431478377,0.0514361231804827,-0.2693882270092441,0.0339757098637292
PI,2022,13.31316601682103,Maturity,-0.0730556131759245,6.494606905992589,0.832940180764403,0.7750190147217537,257800000.0,349737000.0,0.354824130374232,0.287455391776571,0.0345373809462539,-0.0942629945694336,0.0024864235841737
PI,2023,9.011107317468303,Decline,-0.12230485682779,8.733678756476683,0.8102607335932044,0.8673503058608524,307539000.0,359409000.0,0.1929363847944142,0.2879699810430547,0.0517293668216433,-0.1410097581119793,-0.1605715047522428
PI,2024,12.65974218494005,Early,0.096260529010983,0.9855696500662788,0.5879896949374336,0.862915135022375,366087000.0,489080000.0,0.1903758547696389,0.2699604192446058,0.0349881409994274,0.1115527183429075,0.3504904571864065
EVCM,2022,3.609319053528091,Maturity,-0.0367521622216945,1.7185504515564185,0.3477013660625433,0.3813989181902497,620746000.0,1591728000.0,0.266469307686187,0.1153805260122497,0.0016120844767447,-0.0963614747416817,0.1043937455899836
EVCM,2023,4.31310849089269,Maturity,-0.0293395828402671,1.5347856461286804,0.3597318690121102,0.4343499500931252,675369000.0,1518064000.0,0.0879957341650208,0.1119595361942878,0.0020005744158349,-0.0675482588037058,0.1548856995212987
NATL,2024,1.83921473562538,Maturity,0.016116178163464,1.037602820211516,0.5486311239193083,0.764544408040379,4317000000.0,5552000000.0,0.0300644237652111,0.0152883947185545,0.0156700288184438,0.0210794533240676,0.07968496641186
CSGS,2020,1.84802350909897,Maturity,0.0449027353414683,1.6626668095187076,0.3251351351351351,0.7575691292260509,990533000.0,1332000000.0,-0.0062970877097942,0.1240211078278058,0.0220698198198198,0.0592721292475869,0.1746736353054365
CSGS,2021,1.8841020593060973,Maturity,0.0532012037589701,1.0763873503457049,0.1494338387584895,0.7697165547014894,1046487000.0,1387149000.0,0.0564887792733811,0.128707762256005,0.0191486278691041,0.0691179154638328,0.1339940199926038
CSGS,2022,1.9205097011619967,Maturity,0.032211110713082,1.4528488701824134,0.3178784964328432,0.7966891130686018,1089752000.0,1348553000.0,0.0413430840516891,0.1265544821207027,0.0274301417890138,0.0404312173778988,0.0583591496046807
CSGS,2023,1.950754493472972,Maturity,0.0474609712927967,1.5373941758374998,0.3945522180166121,0.8376976779258053,1169258000.0,1443046000.0,0.0729578839956247,0.1224716871725487,0.0193874623539374,0.0566564436591411,0.1128031623474032
CSGS,2024,2.039556250976632,Maturity,0.0590080690062583,1.464351139206351,0.3705083071953045,0.8134215976788656,1197248000.0,1500687000.0,0.0239382582800374,0.1321313545731544,0.0149404905886437,0.0725430320200994,0.1133574664564067
AVDX,2022,5.216346685663131,Decline,-0.0452332459266342,1.29936304816782,0.036423664418923,0.1412813213231184,316350000.0,2211996000.0,0.2735045831672765,0.2652283862810178,0.0001808321534035,-0.320164374901217,-0.0907254623044096
AVDX,2023,5.506550259666928,Decline,-0.0201565974896783,1.254592689476088,0.0294052872747799,0.1621557273379896,380720000.0,2483737000.0,0.2034771613718982,0.2562381802899769,0.0002717679045728,-0.1243039504097499,0.0221974154234082
EXTR,2023,1.8739224698837849,Maturity,0.070648266663409,1.0011416140024083,0.1921999251997228,1.1876245635609537,1312454000.0,1141707000.0,0.1799237809948747,0.1632590551745051,0.0120871642198917,0.0594870372599725,0.1898824644520874
EXTR,2024,2.2297144855698425,Maturity,-0.0787107637637853,0.902119059947294,0.2107541382359768,1.0229386883950518,1117203000.0,1042594000.0,-0.1487678806266734,0.1896978436327149,0.0173806870171898,-0.0769457296480585,0.0496651011499253
NTCT,2020,2.949275065289409,Maturity,-0.0008619047939463,1.6535036604285245,0.1668506647806459,0.2791081820396754,891820000.0,3120503000.0,-0.0198897043469851,0.2111345338745486,0.0063842271582498,-0.0030880670987418,0.2523188535803189
NTCT,2021,3.214227347790678,Decline,0.0062370065720297,1.756664032581606,0.1333101893720596,0.2679160447090753,831282000.0,3085038000.0,-0.0678814110470722,0.2155261391441171,0.0038852033589213,0.0232797053226221,0.257338664857413
NTCT,2022,3.020736370217747,Maturity,0.011425301051141,1.936195816532258,0.1264362419237558,0.2724870922347668,855575000.0,3194709000.0,0.0292235366578369,0.2000187008736814,0.0032397316938725,0.0419296964030038,0.3459813575665488
NTCT,2023,1.8045702230116083,Decline,0.0198321970305899,1.3610019245734744,0.0527622174319993,0.3040695270652069,914530000.0,2820560000.0,0.0689068754930894,0.1926377483516123,0.0037180559888816,0.0652225733436847,0.1712901709074606
NTCT,2024,1.6781172175451808,Decline,-0.0545560429715528,1.7021630952561746,0.0532119190753137,0.3063058105985713,829455000.0,2595302000.0,-0.0930259258854274,0.1943601521480972,0.0024417196919664,-0.1781097226492094,0.0709031834156162
ADEA,2021,2.43354829368988,Maturity,-0.0214484148547396,2.737719173425667,0.3174263225185849,0.3394555768315195,877696000.0,2470022000.0,-0.0160579359207192,0.264552874799475,0.0056477229757467,-0.0631847473384862,0.2675060613241942
ADEA,2023,5.717752959348047,Maturity,0.058177560207281,2.017307277680864,0.478745536182699,0.3357290458627976,388788000.0,1105556000.0,-0.114242948240392,0.1395722090187968,0.0034480388148587,0.1732872413757626,0.3929005010442709
NABL,2022,6.738031086652325,Maturity,0.0156538408924385,2.493868702882842,0.3398022166051664,0.3483337986916248,371769000.0,1078857000.0,0.0730626688526104,0.1707619516420142,0.0118959231853711,0.0449391961137157,0.1920897116220018
NABL,2023,6.650643398689489,Maturity,0.020888203678722,2.750847436885837,0.3135326984814984,0.3764016473594427,421880000.0,1162791000.0,0.1347906899176639,0.1853133592490755,0.0118507969187928,0.0554944533990708,0.2135417654309282
NABL,2024,5.213819839064076,Maturity,0.024750183679653,1.225352769523911,0.2686453343810009,0.3726734243723512,466147000.0,1338847000.0,0.1049279415947662,0.1946038481423242,0.0131232321542342,0.066412526520604,0.1704119086897481
PLAB,2020,0.9160520726851384,Maturity,0.0293214070980866,3.4989680912836945,0.0502347283496972,0.5285924900957888,609691000.0,1188182000.0,0.1072004503686485,0.0281191620017353,0.0595994553023021,0.0554707220542865,0.2346204880833077
PLAB,2021,1.366247876893342,Maturity,0.0446739908088353,3.125871426300611,0.0752587308627246,0.5347770530264455,663761000.0,1294202000.0,0.0886842679324444,0.0278564121724536,0.0842982780122423,0.0835375986236009,0.2271480246655046
PLAB,2022,1.045137857938397,Maturity,0.0910226388028959,3.3264292016904284,0.0260200785815796,0.6318305675945736,824549000.0,1315830000.0,0.2422377934226325,0.0222436750271966,0.0853742504730854,0.1440617840783264,0.3337424458704091
VYX,2020,1.4339856014555925,Maturity,-0.0090799379346014,1.1867816091954022,0.4282148799619681,0.71340727544394,6207000000.0,8414000000.0,-0.1023861171366594,0.0376993716771387,0.003684335631091,-0.0127275656516835,0.1032705010472047
VYX,2021,1.6130505867205438,Early,0.0096733981550735,1.0242165242165242,0.5111244738424534,0.7136374968835701,7156000000.0,11641000000.0,0.1528918962461736,0.0374510899944102,0.0091057469289579,0.0135550586920067,0.1505030743432085
VYX,2022,1.5922160044385931,Early,0.0051840331778123,1.1360117950608182,0.5229860085165552,0.6777259374459996,7844000000.0,11507000000.0,0.0961430967020681,0.0276644569097399,0.0079951333970626,0.0076491585925548,0.0569862315145334
VYX,2024,1.7641751077904064,Decline,0.2029231095106969,1.1767605633802818,0.3057053009883199,0.5986019911035797,2826000000.0,4452000000.0,-0.2621409921671018,0.0555555555555555,0.0067385444743935,0.3389950460014154,-0.0467091295116772
FLYW,2022,6.791011252007754,Maturity,-0.0598828732577853,2.542041787946479,0.0386630618712803,0.4404047690795141,289375000.0,674287000.0,0.4386101844901043,0.1736742980561555,0.0104851494986556,-0.135972354211663,0.0187542116630669
HLIT,2024,2.2389750678096227,Maturity,0.0501267964967355,2.184628421724782,0.1592090957255814,0.8675360066261395,678722000.0,796506000.0,0.1164898578236473,0.1782393969843323,0.0115328698088903,0.057780652461538,0.0912258627243554
VRNT,2020,3.300016129728569,Maturity,-0.0023716116744518,1.0982458040344187,0.1479985711197545,0.4156782231743045,1273705000.0,3261295000.0,0.0357455639249374,0.1885593602914332,0.0085487513395752,-0.0057054027423932,0.1992973255188603
VRNT,2023,2.557405969873283,Maturity,0.0063738767742827,1.3154753943840476,0.1943515757470713,0.3860114411473149,902245000.0,2313601000.0,0.0317160829676995,0.1447988074192708,0.0120807347507197,0.0165121447057063,0.1549645606237773
VRNT,2024,2.626682796779253,Maturity,0.0170087169123518,1.370668936870323,0.19900297517454,0.4010493334287807,910387000.0,2226424000.0,0.0090241564098443,0.1469748579450277,0.0072376151173361,0.042410535299823,0.1654702890089599
ROG,2020,3.4813409508188617,Maturity,0.0394058614543829,4.252347344160561,0.0215339338056415,0.6326560212771156,802583000.0,1264005000.0,-0.106513704272705,0.0365320471527555,0.0319500318432284,0.0622863928092172,0.2056559882280088
ROG,2021,5.428783415922042,Early,0.0755495671548408,3.562479795546176,0.1282180404187252,0.6517819121342318,932886000.0,1598566000.0,0.1623545477539394,0.032055363677877,0.0444930018529106,0.1159123408433613,0.1333099649903632
ROG,2022,2.4302167488579625,Maturity,0.0718871541367981,4.629443583069659,0.1370957846306738,0.598605144262477,971171000.0,1646214000.0,0.0410393124133066,0.0362521121409103,0.0709433888911162,0.1200911065095642,0.1333040216398553
ROG,2023,2.8267310499882496,Maturity,0.0357841243669023,4.526632302405498,0.0299235433693646,0.5743162292384114,908400000.0,1517200000.0,-0.0646343434884278,0.0392998678996037,0.0375692064329027,0.0623073535887274,0.1446499339498018
ROG,2024,2.178796963426898,Maturity,0.0174098655905012,3.9991902834008095,0.0341637971777732,0.5537137711369776,830100000.0,1481100000.0,-0.0861955085865257,0.0416817250933622,0.0378772533927486,0.0314419949403686,0.1531140826406457
SONO,2020,1.644063993843915,Maturity,-0.0254998554818033,1.6802844675139623,0.0922466855625444,1.6813906200084177,1326328000.0,816051000.0,0.0519541601001885,0.1618543829279032,0.0404815385312927,-0.0151659318057071,0.1221311772050352
SONO,2021,1.7383667423457598,Early,0.1622575587447662,2.0110348014197803,0.0517016097590103,1.7563901158909483,1716744000.0,1138804000.0,0.2943585598735758,0.1340199820124608,0.0049639797541982,0.0923812752512896,0.147503646437675
PENG,2021,0.7177129496503227,Early,0.0199961903081815,1.6286763572331526,0.2772929465986713,1.4085932009199562,1501142000.0,1344798000.0,4.053839679493654,0.0328243430668118,0.0353807783771243,0.0141958588861013,0.1021555589011565
PENG,2022,0.7435299165015287,Early,0.0456360294042021,2.234288319044109,0.4218295183911087,1.2474721121534031,1819352000.0,1572064000.0,0.2119786136155007,0.042518435135147,0.024269368168217,0.0365828053065047,0.057674930414785
PENG,2023,1.722602528314847,Early,-0.1218483818504221,2.128802346041056,0.5453186609453916,0.9364780368691322,1441250000.0,1505958000.0,-0.2078223455384114,0.0628378143972246,0.0261766928426954,-0.1301134431916739,0.0724281006071118
PENG,2024,2.7679080342759685,Decline,-0.0352106249228308,2.648701449346146,0.4868674661208567,0.7856467986192753,1170796000.0,1474506000.0,-0.1876523850823937,0.0696423629735667,0.0131732254734806,-0.0448173721126481,0.0659252337725786
COMM,2020,2.529396748815295,Maturity,-0.040944859399323,1.7172622094809051,0.7076557067939426,0.6023835706430928,8435900000.0,13576800000.0,0.0108806365412038,0.0833698834741995,0.0089269931058865,-0.0679714079114261,0.0517075830676039
COMM,2021,2.4213043609719147,Maturity,-0.0344756915073985,1.6401832760595647,0.7254647611146725,0.6399317342554675,8586700000.0,13259500000.0,0.0178759824085159,0.0795649085213178,0.0099098759380067,-0.0538740144642295,0.0142429571313775
COMM,2022,2.1814534333965563,Maturity,-0.1031794074139403,1.7680664294187425,0.820947507145669,0.7398786926385754,9228100000.0,11685400000.0,0.074696914996448,0.0712389332582004,0.0086689373063823,-0.1394544922573444,0.020589287068844
COMM,2023,3.22374248400228,Decline,-0.137804941754166,2.031148006243792,1.0015578484618914,0.5498520703034102,5789200000.0,9371900000.0,-0.3726552594791994,0.0794064810336488,0.005687213905398,-0.2506218475782492,0.0500760035928971
COMM,2024,4.541672918047108,Maturity,-0.0348245526893826,2.8336179555989265,1.0688882537867963,0.4642317074516816,4205800000.0,8747500000.0,-0.273509293166586,0.0751818916734033,0.0028922549299799,-0.0750154548480669,0.0649341385705454
BBAI,2022,3.1306488257182514,Decline,-0.4205589063823168,1.5194351230425056,1.0213048108628422,0.535786253737276,155011000.0,195308000.0,0.0647968786492464,0.0541445445807071,0.0039373707170213,-0.7849378431208108,-0.3155776041700266
RBBN,2021,1.7455245277729348,Maturity,-0.1224075147443767,1.3963878961716112,0.3034071187479456,0.5837350026010345,844957000.0,1347737000.0,0.0013771117392257,0.2307194330599072,0.0127116789106479,-0.2096970615072719,0.0227017469528035
RBBN,2022,1.2281122310224228,Early,-0.0753527924738629,1.446281766936062,0.2807128907805575,0.6297850306207389,819760000.0,1255564000.0,-0.0298204524017198,0.2484580852932565,0.0081668477273958,-0.1196484336879086,-0.0321606323802088
RBBN,2023,1.097476875581299,Maturity,-0.0551781730929105,1.2276492129250922,0.2064348037369128,0.688697042192892,826339000.0,1144153000.0,0.0080255196642919,0.2307285508731888,0.0081990782701264,-0.0801196603331078,0.0206779542052353
RBBN,2024,1.3717634518346409,Early,-0.0470237442379981,1.4098512191636283,0.3166321736452672,0.7230055659431388,833881000.0,1162554000.0,0.00912700477649,0.2157873845308863,0.019273083228822,-0.0650392562008248,0.0602484047483993
ICHR,2021,1.517697744988181,Early,0.0789939879045017,2.2216242684934926,0.3013167123137384,1.222158961765925,1096917000.0,1020876000.0,0.199818208865107,0.0143046374520588,0.0204128611114376,0.0646347900524834,0.0139226577762948
ICHR,2022,1.0217706773447115,Early,0.0691850017437843,3.0876891251533447,0.2999293189707513,1.2164383275254702,1280069000.0,1083742000.0,0.1669697889630665,0.0152835511210723,0.0271586779879343,0.0568750590788465,0.0245713317016504
ICHR,2023,1.644109382349635,Maturity,-0.0425126210116292,4.05574867120713,0.2870276542625796,0.8022062848657147,811120000.0,938481000.0,-0.3663466578754739,0.0249321925239175,0.0165117887309386,-0.0529946247164414,0.0710523720287996
ICHR,2024,1.5063257903974354,Early,-0.0215300057651192,3.336183386157588,0.1559035883177776,0.8779940487424026,849040000.0,995564000.0,0.0467501726008482,0.0271106190521059,0.0177145818852429,-0.0245218128710072,0.0328370865919155
AAOI,2020,0.7551602573771196,Early,-0.1233646043286936,2.0278531818358085,0.045403022015162,0.4951784979369585,234623000.0,480805000.0,0.2292164382413345,0.1849477672691935,0.0328511558740029,-0.2491315855649275,-0.1875732558189095
AAOI,2021,0.6170021997068651,Early,-0.1158218428165737,1.7812439769817452,0.026820901335434,0.4524177130735279,211565000.0,454459000.0,-0.0982768100314121,0.1948337390400113,0.0175615402049469,-0.2560064282844516,-0.0550374589369697
AAOI,2022,0.1735540373550966,Early,-0.1539244391588484,1.3217012310401062,0.15328109576425,0.5165464657212868,222818000.0,408263000.0,0.0531893271571384,0.1626619034368857,0.0078625787788753,-0.2979875952571156,-0.0629302839088404
AAOI,2023,2.8739968682915515,Early,-0.1405682369656241,1.848850660896763,0.0717471851505449,0.5458555970350455,217646000.0,389186000.0,-0.0232117692466497,0.1652913446605956,0.0233281772725637,-0.2575190906334139,-0.0364307177710594
AAOI,2024,6.198115785361375,Early,-0.3989092284062045,1.771445707330554,0.0244117345968791,0.5327071259044368,249365000.0,547032000.0,0.145736654935078,0.2203797646020893,0.079348191696281,-0.7488340384576825,-0.2788121829446794
CTLP,2021,3.0673531604779707,Early,-0.0415815808643523,1.9989797938269915,0.0727431081490457,0.7974253334766357,166939000.0,237672000.0,0.0232052122854008,0.0233618267750495,0.0077333467972668,-0.0521447954043093,0.0489819634716872
AOSL,2020,1.4417256333002415,Early,-0.0086090947594289,1.6574836768059649,0.2019613110214026,0.6067989138131202,464909000.0,792939000.0,0.0310232413731925,0.1102409288699508,0.0219058464774717,-0.0141877227586473,0.1340369835817332
AOSL,2021,2.200314880456804,Maturity,0.0679118814241442,1.7464391373322472,0.1812158641719275,0.7676276882662815,656902000.0,918573000.0,0.4129689896302287,0.0958331684178157,0.0219949857006465,0.0884698174156875,0.195986615964025
AOSL,2022,0.8170941942384583,Early,0.4087701526518558,2.05284586249916,0.0684776021481115,0.7013812904733082,777552000.0,1298629000.0,0.1836651433547165,0.0916453176121982,0.1062766964236899,0.5828073234973352,0.281479566639916
AOSL,2023,0.8018099310308707,Maturity,0.0098976691165345,2.456731242864842,0.0586278492702984,0.5534185143409732,691321000.0,1199737000.0,-0.1109006214375373,0.1275037211367801,0.0920435062017758,0.0178846006413807,0.0296143180953565
AOSL,2024,1.702811931115512,Maturity,-0.0094517539183281,2.5805177880220187,0.0514037831884878,0.5606346092333937,657274000.0,1145013000.0,-0.0492491910414988,0.1368379093041866,0.0323908986186183,-0.0168590268289936,0.0391161068291154
LYTS,2020,3.7055656820542935,Decline,0.0513816312810857,2.477935871165113,0.2819061551232708,0.3399908400136061,63470000.0,172263000.0,-0.2214371580677608,0.0567197100992594,0.0159001062329113,0.1511265164644714,0.4681266740192217
LYTS,2021,2.453638401386731,Early,0.0255639490812138,1.763283729459059,0.2756701915131737,0.4226459645729322,97015000.0,286821000.0,0.5285174097999055,0.0381384322012059,0.0077853434720609,0.0604854919342369,0.2887079317631294
LYTS,2022,3.5244896832163737,Early,0.0502825718639038,2.1297408132086093,0.2708788736016458,0.4263883151224032,127469000.0,311080000.0,0.3139102200690615,0.0282421608391059,0.0068213964253568,0.1179267115926225,-0.0303054075892962
LYTS,2023,0.975431725535944,Maturity,0.0848510199611678,1.9575768658081032,0.1269057130025764,1.6368750504340208,496979000.0,296149000.0,2.898822458793903,0.0068413353481736,0.0108323850494176,0.0518372003646029,0.0997788638956575
LYTS,2024,1.3831301888692498,Early,0.077454186300002,2.051573724544548,0.1775372706422018,1.456357014275547,469638000.0,348800000.0,-0.0550143969865929,0.0074525485586771,0.015447247706422,0.053183515814308,0.0923945677308906
BIGC,2023,4.250894065780108,Decline,-0.1408779301916755,4.833724381625442,0.7831657125870944,0.6739773056504965,309394000.0,444058000.0,0.1086410463137149,0.269753130312805,0.0003783289570281,-0.2090247386827152,-0.0783563999301861
CLFD,2024,2.694726944993929,Maturity,-0.0371292442366635,9.428178383705651,0.0472064071049084,0.4970393206836098,166705000.0,315275000.0,-0.3796330753200357,0.017995860951981,0.030344936959797,-0.0747008188116733,0.1333073393119582
OUST,2024,4.543923719914333,Decline,-0.3198103119011486,2.803305026394308,0.2065160710923128,0.3661316447269773,111101000.0,276148000.0,0.3340818213475185,0.5228035751253364,0.0136014021466749,-0.873484487088325,-0.3032735978974086
CCSI,2024,4.963208776644866,Maturity,0.143158302493245,0.9396552811085472,0.9732597587848576,0.5608552842196924,350382000.0,602201000.0,-0.0335942542241051,0.0219274962754936,0.0555296321327928,0.2552499843028466,0.3474693334703266
LASR,2020,5.4875887745429495,Maturity,-0.0784543018309252,4.84914053622803,0.0373355332741041,0.835025580480126,222789000.0,283644000.0,0.2614101540604351,0.1847667523980088,0.082554187643666,-0.093954369380894,0.0585352059572061
LASR,2021,3.293205904137998,Early,-0.0902805882585635,6.056191558157826,0.0396849188208276,0.8220344398428633,270146000.0,373618000.0,0.2125643546135581,0.2029050957630318,0.0517025410981269,-0.1098257979018752,-0.0275517683030657
LSAK,2023,0.8353646207721793,Maturity,-0.0585152306600189,1.6056597849124734,0.2445309589586783,0.8808332339282899,527971000.0,542234000.0,1.37174148394719,0.0009470217114197,0.0297952544473419,-0.066431679012673,0.0007765578033641
SKYT,2022,1.9492368840779108,Early,-0.1390784773132032,0.8818130920315952,0.2979356627987598,0.7479986370709671,212941000.0,305764000.0,0.3076058655924543,0.0442892632231463,0.0557717716932012,-0.1859341319896121,-0.0671406633762403
SKYT,2023,1.5127197393783085,Maturity,-0.098811283171625,1.0151043364286358,0.1859948982813269,0.9210370751140524,286682000.0,316756000.0,0.3462978007992824,0.0354713585087309,0.0272070615868365,-0.1072826337195917,0.0351643981833529
RXT,2021,3.0412765147592653,Maturity,-0.0343603667414315,1.181633627895868,0.5412960007584496,0.473694565773423,3009500000.0,6328700000.0,0.1117062539248642,0.009403555407875,0.0171283201921405,-0.0725369662734673,0.1232098355208506
RXT,2022,2.2652954556432,Maturity,-0.136575763232474,1.2530064214827787,0.619458647167702,0.5298589780575967,3122300000.0,5456700000.0,0.0374813091875726,0.0078467796175895,0.0147341799989004,-0.2577587035198411,0.0790122665983409
RXT,2023,2.132262182457036,Maturity,-0.1754022338766238,0.9232020012507818,0.7114398711000439,0.6190999591747008,2957100000.0,4096200000.0,-0.0529097139928898,0.0147779919515741,0.0236560714808847,-0.2833181157214839,0.1267796151635047
RXT,2024,2.188092461543369,Maturity,-0.2400458722011663,0.8072006261414036,0.9279984283422285,0.7655902549543376,2737100000.0,3054100000.0,-0.0743972134861857,0.0165868985422527,0.0363773288366458,-0.3135435314749187,0.0145774725073983
KLTR,2022,1.883144762291145,Decline,-0.2278265185035955,1.118357705512016,0.2767176818914094,0.8607347388023949,175172000.0,183736000.0,0.0615455470984631,0.2991345648847989,0.0141888361562241,-0.264688420523828,-0.0473991277144749
XPER,2023,0.7895594274933183,Early,-0.1937022968410814,1.9194062212316487,0.1196463960453361,0.739194609746864,521334000.0,673635000.0,0.0379763469119579,0.4274284815492563,0.0189241948532959,-0.262045061323451,0.0001189256791231
XPER,2024,0.7384987251077562,Decline,-0.0208857197171601,1.644853762361815,0.1461722774649574,0.7360814674275661,493688000.0,667760000.0,-0.0530293439522455,0.3875970248416003,0.0075521145321672,-0.02837419584839,-0.1120950883959099
APPS,2024,1.6908932806891606,Maturity,-0.3941923815813171,1.0267642273667084,0.4497042308847656,0.5107481089031638,544482000.0,865540000.0,-0.1823612445939452,0.0994651797488254,0.0006308200660859,-0.7717941088961618,0.0526684077710557
VPG,2020,1.1906824795596789,Maturity,0.0279347403858604,4.666666666666667,0.1496191715581743,0.6987232940567137,269812000.0,401887000.0,-0.0498172264912416,0.0466991831349235,0.0063724380236235,0.0399796895616206,0.130880020162187
VPG,2021,1.4557330707383551,Early,0.046820008891194,3.635312867487776,0.1858758273091587,0.7361144555995999,317919000.0,461889000.0,0.1782982224660133,0.0541018309695236,0.006642288515206,0.0636042513973685,0.1054891340247044
VPG,2022,1.4542067646310723,Maturity,0.0768416981753213,3.913920666500871,0.1695718019389942,0.7725719691763856,362580000.0,476742000.0,0.1404791786587149,0.054608638093662,0.003630894697761,0.0994621876551381,0.0910943791714931
VPG,2023,1.145912596801242,Maturity,0.0542165625514073,3.944274957808646,0.1155320782244691,0.7488031314720534,355048000.0,471566000.0,-0.020773346571791,0.0574570198959014,0.0049134161495951,0.0724042946305851,0.1292585791216962
ASUR,2020,2.1049358502637414,Early,-0.0383577493306618,1.0234498875788165,0.0341292491797998,0.1540494810498232,65507000.0,515423000.0,-0.104483937115516,0.0909673775321721,0.0016627119860774,-0.2489962904727739,-0.0260582838475277
ASUR,2021,2.6528321261693333,Maturity,-0.0309323651199414,1.0344115008312675,0.0887194337807329,0.2049071398253666,95828000.0,419908000.0,0.4628665638786695,0.0641461785699378,0.0055202568181601,-0.1509579663563885,0.1426931585757816
TBCH,2024,0.9580047748817712,Early,0.0721122568110723,1.5231499450158483,0.1805755853055433,1.6610639264929996,372766000.0,298861000.0,0.444146566352345,0.0464205426460567,0.0164424264122786,0.0434132941309024,0.0154547356786831
EGHT,2020,7.185068124133001,Early,-0.2764525071792359,2.245590439538181,0.5480538535426844,0.7156974464293877,446237000.0,700641000.0,0.2656117940020307,0.1743244060891409,0.0511445947353923,-0.3862700762151054,-0.2104375029412621
EGHT,2021,4.450210546171898,Early,-0.2401435771001776,2.2782794246074247,0.5761878159045649,0.7720445234037925,532344000.0,678409000.0,0.1929624840611603,0.1728844506559668,0.0094780582215153,-0.3110488706550651,-0.0264227642276422
EGHT,2022,1.8363960005670563,Early,-0.2207912621634227,1.4390764748573308,0.5734245299186613,0.8033476911921051,638130000.0,910268000.0,0.1987173707226905,0.1761192860388949,0.0045448153730549,-0.2748389826524376,0.0543462930750787
AEYE,2020,9.78068204773409,Early,-0.5223627331918498,1.6229617304492512,0.0827215952667908,1.4941851022776087,20475000.0,18254000.0,0.901970181009039,0.06007326007326,0.003067820751616,-0.3495970695970696,-0.0930891330891331
AEYE,2021,2.5036867679623693,Early,-0.5974309920743373,2.213890870185449,0.0522976153924879,1.0302520655075995,24503000.0,29313000.0,0.1967277167277167,0.2164632902093621,0.0027973936478695,-0.5798881769579235,-0.2032404195404644
AEYE,2022,1.4627897004801391,Decline,-0.3882696637576524,1.1721207738202857,0.1104060913705583,1.1132282614763402,29913000.0,24428000.0,0.2207892911072113,0.2034232607896232,0.0029474373669559,-0.3487781232240163,-0.1671179754621736
AEYE,2023,1.5620598455379255,Early,-0.2352422731005748,1.281637609506462,0.280211806236517,1.2545720409430523,31316000.0,25495000.0,0.0469026844515762,0.2231766509132711,0.0067071974897038,-0.1875079831396091,0.010154553582833
AEYE,2024,6.782123238385894,Early,-0.1539602974973308,1.0474462017111743,0.2364442652690989,1.2739906986844247,35201000.0,29766000.0,0.1240579895261208,0.1442288571347404,0.0043002082913391,-0.1208488395216045,0.0775830232095679
MRAM,2020,2.113741927600989,Early,-0.2507179570256697,2.7544202403047766,0.1429801100556426,1.2380082767558651,42031000.0,32529000.0,0.1207370077060501,0.2592372296638195,0.009837375879984,-0.2025171896933216,-0.0695439080678546
MRAM,2021,3.615053258581443,Maturity,0.1207915559943818,3.55822282450876,0.0405535804977145,1.5337718505333129,55146000.0,39380000.0,0.3120315957269634,0.2289921299822289,0.026155408836973,0.0787545787545787,0.1697131251586697
MRAM,2022,1.500548517940398,Maturity,0.1294225713471223,4.1146666666666665,0.0276326965825095,1.266668778309208,59985000.0,55333000.0,0.0877488847785877,0.1851796282403934,0.0503858456978656,0.1021755438859715,0.1582562307243477
MRAM,2024,1.9220018698232888,Early,0.0107655832161662,6.475791809562235,0.022933833832547,0.6947591872742811,50402000.0,77789000.0,-0.2095663765388536,0.2715368437760406,0.0391957731812981,0.0154954168485377,0.1408475854132772
SNCR,2023,1.705227996812081,Decline,-0.0915939803136323,1.7192276243788918,0.513158276325414,0.4635627158887027,164196000.0,310337000.0,-0.3500482923508083,0.2835939974177203,0.0041954391516319,-0.197587030134717,0.1146739262832225
MX,2024,0.1888668394744528,Early,-0.1358027624164329,4.738242413763292,0.0765430406310306,0.5794823001049003,231737000.0,379316000.0,0.0073288096987189,0.2209142260407272,0.0305813622415084,-0.2343518730284762,-0.0264653464919283
LTRX,2020,1.9387322606129205,Early,-0.1837487272945062,2.188471050795865,0.1019975564158803,1.0246327335575007,59878000.0,67933000.0,0.2769886969503092,0.1618457530311633,0.0084200609423991,-0.1793313069908814,-0.0421022746250709
LTRX,2021,2.7828716702074057,Maturity,-0.0575662460231033,1.8873775367389785,0.0540611305570101,1.017473433974619,71477000.0,72566000.0,0.1937105447743745,0.1554765868740993,0.0107901772179808,-0.056577640359836,0.0602151741119521
LTRX,2022,1.0950420080413528,Early,-0.051081261312756,2.534641479688072,0.1187852140870907,1.2351624273601982,129655000.0,137374000.0,0.8139401485792632,0.136415872893448,0.0154177646425087,-0.0413559060583857,-0.0726235008291234
LTRX,2023,1.745629481940178,Early,-0.0621457587941785,2.0813788048633266,0.1309291405054608,0.9078886359075148,131189000.0,151624000.0,0.0118313987119663,0.1495933348070341,0.0176291352292513,-0.0684508609715753,0.0018065539031473
LTRX,2024,0.8475274354188205,Maturity,-0.0313794157703104,2.9496617588539595,0.1391768471749089,1.1140317963256343,160327000.0,136208000.0,0.2221070364131139,0.1265039575367842,0.0108583930459297,-0.0281674328091962,0.116156355448552
DHX,2020,0.9544734740077208,Maturity,-0.1155961394779206,0.5121205169381357,0.1381277828264595,0.5271553682978117,136878000.0,240987000.0,-0.0836312512552721,0.1203261298382501,0.0668251814413225,-0.2192828650330951,0.1364938120077733
DHX,2024,1.0721508110658784,Maturity,0.0011330734280845,0.4728365729593545,0.1851868582605671,0.6356228432977363,141926000.0,221371000.0,-0.0655262776702353,0.1330482082211856,0.0629350727963464,0.0017826191113678,0.1482814988092386
UPLD,2020,6.965942060321986,Early,-0.0536873286206636,2.615219897875144,0.5209786198848915,0.3058392660981275,291778000.0,1011220000.0,0.3105548493736441,0.1336701190631233,0.001101639603647,-0.1755409934950544,0.1220791149435529
UPLD,2021,4.734227813528896,Maturity,-0.0570642384401343,1.681055201861369,0.5072229829340326,0.2960611735850961,302016000.0,1029007000.0,0.03508832057249,0.1413600603941513,0.0010835689164408,-0.1927447552447552,0.1381979762661581
UPLD,2022,3.172519626021668,Early,-0.0638637906039115,2.124812348307993,0.4641338387852629,0.2962035336850153,317303000.0,1113459000.0,0.0506165236278872,0.1455611828441584,0.0007777565226918,-0.215607794442536,0.0944806698959669
UPLD,2023,2.983929869087982,Maturity,-0.1813718595016947,2.298047410196943,0.5460757404393441,0.3003322942520808,297852000.0,870024000.0,-0.0613010277242887,0.1657702483112418,0.0014022601675356,-0.603903952298457,0.1676772356740931
UPLD,2024,3.0396761351326744,Maturity,-0.1610979560514624,0.9831589436970604,0.543380633854684,0.3926902009651701,274794000.0,529522000.0,-0.0774142862898352,0.1723654810512602,0.0016656531739946,-0.4102418538978289,0.0882078939132586
QMCO,2024,10.35581292134192,Early,-0.205775633485516,0.527254104919502,0.4660341657116968,1.553061265176738,311600000.0,187615000.0,-0.2450672558824669,0.1220988446726572,0.0312821469498707,-0.1324967907573812,-0.0325930680359435
ASYS,2021,1.2772429279917634,Early,0.0137709978037632,5.3521742008074655,0.1084652690462138,0.7780887717968504,85205000.0,116913000.0,0.3015749354597253,0.0701719382665336,0.0257627466577711,0.0176984918725426,-0.0699724194589519
OSS,2020,0.8814209489852792,Early,-0.0001658666296947,3.08215932904117,0.0522585904389566,1.315359581947151,51895388.0,39128763.0,-0.1099785434315647,0.0832397476245866,0.0209650379185255,-0.0001260998376194,-0.0048207174017082
OSS,2022,0.7606493674058415,Decline,-0.0412959991389005,4.131405851517766,0.0143093965888607,1.3416949338432742,72421345.0,56364571.0,0.1684234694582165,0.0654996672597008,0.0094014376513217,-0.0307789782142267,-0.1077862472728171
OSS,2023,0.5970013827005718,Decline,-0.1283792733577562,6.175481124222896,0.0450595798436536,1.1640383677668351,60896797.0,48265652.0,-0.1591319244347091,0.0711207192062991,0.0170256272514458,-0.110287836649274,-0.0072200677483907
NTWK,2023,0.1647751325965205,Maturity,-0.0800645298599088,2.003148840250921,0.0141324312801379,0.7999694353779255,52393215.0,58379410.0,-0.084802364813612,0.030569091818473,0.0280824694871017,-0.1000844861305037,0.0383555580622414
NTWK,2024,0.1887699227163864,Early,0.0111592746077431,1.988455190624824,0.0108813166493945,1.0017976458891666,61393091.0,64186442.0,0.1717756010964397,0.0228462352547129,0.0080297954511951,0.0111392501804478,0.0473895018577904
KTCC,2024,0.6777980193251788,Maturity,-0.0072051343368471,2.7683823529411766,0.3565400190801563,1.4656954686762795,566942000.0,355343000.0,-0.0360342438385744,0.0146981525447047,0.0111385337547102,-0.0049158467709218,0.0242987818859777
LEDS,2020,2.98246539535187,Decline,-0.0414602545537687,0.834166944537068,0.2067901234567901,0.462464751162259,6068000.0,14580000.0,0.0281260589630633,0.2534607778510218,0.0185871056241426,-0.089650626235992,-0.1649637442320369
LEDS,2021,4.843466605623186,Decline,-0.1737408208659618,1.0575365520143052,0.2251219913372443,0.2885523629604802,4735000.0,18239000.0,-0.2196769940672379,0.342766631467793,0.0064696529414989,-0.6021119324181626,-0.3668426610348468
LEDS,2022,1.2907717233281537,Early,-0.1600326597264748,0.9878984332793084,0.205618537436153,0.4112209488816959,7051000.0,16054000.0,0.4891235480464625,0.2104666004822011,0.0174411361654416,-0.3891646574953907,-0.213870372996738
LEDS,2023,1.2885067420273766,Decline,-0.1823172591412789,0.7827252112966399,0.1901895206243032,0.4052323020095564,5979000.0,13455000.0,-0.1520351723159835,0.2262920220772704,0.0148643626904496,-0.4499080113731393,-0.1645760160561966
LEDS,2024,1.6531444643435276,Decline,-0.1655755702842272,0.8490458558815153,0.1676243490752379,0.4215020534298377,5183000.0,11138000.0,-0.1331326308747282,0.2238086050549874,0.0110432752738373,-0.3928226895620297,-0.0704225352112676
HTCR,2022,1.248465797990769,Early,-0.628120045239924,2.339872626342184,0.2920264696355128,0.8295000726892154,8818312.0,12138588.0,-0.1851882104287414,0.0726924835501397,0.0047016176840337,-0.7572272335113568,-0.5452910942593094
HTCR,2023,0.5656000749436318,Early,-0.2638274145604128,0.8438680161651095,0.2059466462275056,1.3755799908413593,21845830.0,19623767.0,1.4773255924716655,0.0466515119819205,0.0268174810677277,-0.1917935825738825,-0.1982625059336266
HTCR,2024,1.1086689489839603,Decline,-0.0882064233254411,1.2688921789309813,0.214087985750697,1.8105575724480312,30407229.0,13965034.0,0.391900834163774,0.0239937680608778,0.00053318882002,-0.0487178229887373,-0.1570340723911409
SONM,2020,42.85159435284717,Early,-0.565977441831882,2.225798573800918,0.0036770551757036,1.2100103052821662,63992000.0,50312000.0,-0.4495359179705981,0.2534379297412176,0.0002186357131499,-0.4677459682460307,-0.1650206275784473
RVYL,2020,186.84745995099803,Early,-0.4064789961810353,1.0237423623565702,0.0851099415880905,0.6920264768458292,8525015.0,12262739.0,-0.1477419901134246,0.1599712141268959,0.0005422116543457,-0.5873749195749216,-0.4880552116330587
RVYL,2021,65.1362609582647,Early,-0.3650382379916449,4.312544433788288,0.454810332376423,0.3629820139317494,26304502.0,132672828.0,2.085566652961901,0.1471250054458358,0.0011973665022049,-1.005664809772867,-1.0327465998025738
RVYL,2022,10.92806968576628,Decline,-0.4275231573207776,1.6119084044769094,0.6435088382987902,0.2857562305070417,32909112.0,97657142.0,0.2510828754712786,0.1907035048530024,0.0016623156962754,-1.4961114113319132,-0.2839322738334598
RVYL,2024,0.7283132649953047,Maturity,-0.2137952745864565,0.921210716424253,0.165412672969348,0.4463041113249728,55998000.0,122276000.0,-0.1498580515872413,0.0687167398835672,0.0003843763289607,-0.4790349655344834,0.3784242294367656
ASNS,2023,1.7766554479044196,Decline,-0.4827586206896552,0.8553240740740741,0.3171166354807092,0.4305352891482989,5606000.0,11223000.0,-0.3651908051183331,0.4819835890117731,0.0008019246190858,-1.1212986086336068,-1.173207277916518
MYSZ,2023,1.7398497368018715,Early,-0.6816967624746234,1.7088705518308407,0.1125570014458903,0.7475157602307939,6996000.0,8991000.0,0.5689616505943037,0.1392224128073184,0.0007785563341118,-0.9119496855345912,-0.8727844482561463
CETX,2024,0.2890251608141772,Early,-0.1561964653880938,1.4358379271312338,0.3270822213837154,1.4446248488198574,66863884.0,44115458.0,0.126250691401284,0.0502132810591738,0.0294079685175205,-0.1081225105020821,-0.0590656683958114
