ticker,year,ev_sales,lifecycle_stage,roa,current_ratio,debt_assets,asset_turnover,revenue_growth,r_and_d_ratio,capex_ratio,ocf_margin,log_ev_sales,log_total_assets,lifecycle_stage_Decline,lifecycle_stage_Early,lifecycle_stage_Maturity
MSFT,2020,12.023750403205632,Maturity,0.1506497217908132,2.515765454294012,0.2231880017656176,0.4865556324814967,0.1364557424727636,0.1347341187987274,0.0512460547407827,0.4242561969024228,2.566774644703514,26.43140879088289,0,0,1
MSFT,2021,15.203140203388196,Maturity,0.1929521800059834,2.0799936835218875,0.1788698510092007,0.5293359996221008,0.175317274411775,0.1232449669220884,0.0617833956000826,0.4565465708438437,2.785205063169169,26.5337449342748,0,0,1
NVDA,2022,2.0916769683405136,Early,0.2672586258872537,6.650288350634371,0.287098015253355,0.7375921510592234,0.6140329835082459,0.1957345619380248,0.0058388213728019,0.3384112357880657,1.128713651897632,24.51169646514456,0,1,0
NVDA,2023,5.1148288888875415,Decline,0.1023322283264416,3.515617857687033,0.2878684862318488,0.6319389942484976,0.0022293230289068,0.2720768147104619,0.0090816376086639,0.2091273077778601,1.8107167865542568,24.44126710465665,1,0,0
ORCL,2020,4.637222271552083,Decline,0.0904317256086407,3.031395348837209,0.0335331519950103,0.3485926646352617,-0.0110869235052903,0.1552933346984744,0.0135483982743983,0.3363110474045254,1.729391439145566,25.471999426253284,1,0,0
ORCL,2021,5.927988232393672,Maturity,0.1115090551420633,2.299577884456216,0.0789431533022645,0.3283700744286033,0.0361165147947169,0.1612441018799871,0.0162844089179067,0.39247511055115,1.935569472701196,25.59927962065372,0,0,1
ORCL,2022,4.823096860135128,Decline,0.0558809337615014,1.6212905540464353,0.0608342406470442,0.3530723282474501,0.048444872650016,0.1700989632422243,0.0412728620181706,0.2247643732327992,1.761832226777282,25.41733478436887,1,0,0
ORCL,2023,5.669125924379787,Early,0.0697879604893282,0.9096578605456908,0.0599848196213834,0.4099950344918151,0.1770499528746465,0.1726188093045602,0.0647026431718061,0.3436161268366897,1.8974888055201569,25.623967210337124,0,1,0
ORCL,2024,9.10736247923945,Maturity,0.0760241138872748,0.7150012680699974,0.1199140279196459,0.3846673445671121,0.0601953797493694,0.1683314136817658,0.0487033253887186,0.3525802005249145,2.31326411662667,25.67185550007788,0,0,1
CRM,2020,9.375417487789884,Early,0.0839258847049609,1.2347134476534296,0.0831812491515965,0.4380139739071291,0.6000602318927872,0.1693017127799736,0.0107087374247748,0.2259081498211933,2.33943930509414,24.917470816995824,0,1,0
CRM,2021,10.86490784282212,Early,0.061416871540399,1.2347134476534296,0.0831812491515965,0.3205381517624168,0.0,0.1693017127799736,0.0107087374247748,0.2259081498211933,2.473585122712356,24.917470816995824,0,1,0
CRM,2022,5.033356548633601,Early,0.0178812457432976,1.04874242702405,0.139640160068901,0.3280539904649867,0.2465650291737248,0.1685414464744073,0.0075308006596015,0.2264834667069304,1.7973034974360909,25.279340312100945,0,1,0
CRM,2023,8.606301913975635,Maturity,0.0021436890001958,1.0194662237843266,0.1245940778358911,0.3231198919910542,0.1834516080326136,0.1612337330951773,0.0080729193011563,0.2268116866547588,2.2624193324776103,25.316859270184096,0,0,1
CRM,2024,9.976699264836734,Maturity,0.0416364661351373,1.0917351958244152,0.1109063041583603,0.3508999758395748,0.1117951007910181,0.140746478469174,0.0073730502990292,0.2935995639326391,2.3957747774852707,25.32666445464365,0,0,1
PLTR,2021,22.036080912833626,Early,-0.1752721560321956,4.33785665264271,0.1287542533372338,0.519333426968279,0.4111165920636823,0.2513066764209356,0.003888281574774,0.2165207741932136,3.137061722089795,21.90113591023962,0,1,0
CSCO,2020,3.901330421318051,Decline,0.1164207925417605,1.7201452765386285,0.1607118383182398,0.5118299886839073,-0.0501502774352651,0.1287397821545202,0.0081178244230546,0.3128942617796799,1.589506682817879,25.27559416172551,1,0,0
CSCO,2021,4.780394257873055,Maturity,0.1101221731219131,1.4895837300529382,0.1010184928767039,0.5179932414868729,0.0104866027058274,0.1314585089726604,0.0070976542867985,0.3102091613473042,1.7544718910627226,25.30308744525632,0,0,1
CSCO,2022,3.887350352460596,Decline,0.1233635684781643,1.4320202808112326,0.1089232143996936,0.5384571198805216,0.0349070617046047,0.1313885602343038,0.0050743601199974,0.2565316057955273,1.586650306420346,25.266581895596453,1,0,0
CSCO,2023,3.5229088534195845,Maturity,0.1288000245080519,1.384522022421668,0.0893256882535443,0.5820458096337068,0.1055336811684155,0.1324783325730727,0.008335624239092,0.3488894347170076,1.5091553384950849,25.34678661615692,0,0,1
CSCO,2024,4.960384542074438,Early,0.0912204715709455,0.9082889808791642,0.2561468656812391,0.4755750999933706,-0.0560545984069616,0.1483746259502258,0.0053852893186403,0.2022192071074103,1.78513499947819,25.546872513407333,0,1,0
IBM,2020,2.4919576966501507,Maturity,0.0362802078161456,0.9823421706087436,0.417462220540998,0.4778083898791849,-0.0457179151490012,0.0860228198859005,0.0167851716024132,0.2471746807932627,1.250462523542622,25.772935929485392,0,0,1
IBM,2021,3.322820793272489,Maturity,0.039885822232717,0.8786400547309557,0.4103453761713926,0.3983026127540177,-0.2209997283346916,0.113129904097646,0.0156210937795925,0.2231211857018308,1.4639081505751423,25.60607533526924,0,0,1
IBM,2022,3.351629233778316,Maturity,0.0126444585024147,0.924234248531979,0.4176182579788279,0.4669731989939979,0.0554489973844812,0.1084916570295721,0.0105781850475075,0.1723938542871303,1.470550311480068,25.569364481048623,0,0,1
IBM,2023,3.6456346299884057,Maturity,0.0571615793724569,0.9644217806693628,0.4371085691469303,0.471343015193307,0.0219725755823558,0.1095215001616553,0.0092057881855354,0.2252020691884901,1.5359279894108446,25.63032420902821,0,0,1
IBM,2024,4.712826762380629,Maturity,0.0442191354399154,1.0404320801400035,0.4201057043921997,0.460714495477505,0.0144358228257355,0.1191815530731598,0.0076398760707125,0.2142527050499577,1.742713955876405,25.64452331989874,0,0,1
INTU,2020,11.90460179378554,Early,0.2121528988032996,2.2612638141116466,0.3109505077303083,0.8921807830835367,0.1319280660377358,0.1812736033337674,0.0053974933674869,0.314363849459565,2.557583975955679,23.114868626349597,0,1,0
INTU,2021,17.894812377783957,Maturity,0.1559345105304949,1.942372881355932,0.2182907965970611,0.7284758195636556,0.254460216173981,0.1741928786463199,0.0034158288218613,0.3373819163292847,2.938887407023862,23.465137586588583,0,0,1
INTU,2022,8.937768112634476,Early,0.0955375722543352,1.390358126721763,0.232205956587582,0.5884855491329479,0.3210837745250701,0.1844255854156844,0.0056609216124612,0.3055948451988056,2.296342459504246,24.04592493431414,0,1,0
INTU,2023,12.342004645370322,Maturity,0.0858882444068163,1.46622691292876,0.2210223182145428,0.51763519112296,0.129027188433129,0.1767121380846325,0.0075593952483801,0.3511971046770601,2.590917302463722,24.047582174308605,0,0,1
INTU,2024,11.638110372396063,Maturity,0.0989117372145813,1.2919503404084902,0.1732540769326528,0.5436306582988383,0.1334214922048997,0.1691126803807184,0.0059442300510394,0.2999078906969604,2.5367168816883505,24.1931182552891,0,0,1
UBER,2020,9.080703646790589,Early,-0.2082045129435651,1.4394756008739986,0.2737880428244917,0.3426699275529509,-0.2126245847176079,0.1979531376245623,0.0185252014916396,-0.2464314570428225,2.310623066436106,24.227380752645328,0,1,0
UBER,2021,5.00414124004918,Early,-0.0137728042651264,0.9772828014184396,0.2816320214576778,0.4846860855802071,0.5670167878624652,0.1176740189057576,0.0076855624903285,-0.0254941277570896,1.792449437819836,24.381015755889216,0,1,0
UBER,2022,2.068320934937751,Early,-0.2579179775122385,1.0447305997966791,0.3406521536017939,0.8994258143701592,0.8262389000286451,0.087774884713116,0.0078482668410725,0.0201399127897857,1.1211304852497512,24.192402201647905,0,1,0
UBER,2023,3.7270423626292817,Maturity,0.0532990622528527,1.194943939073408,0.2844776350810098,1.0530166082928485,0.169526617937698,0.0848689681070786,0.0057624228016227,0.0961615836485072,1.5532997136133966,24.379079596880853,0,0,1
UBER,2024,3.2916271700433013,Maturity,0.2191610242042182,1.06700941094458,0.1912614159706502,0.9779082307683756,0.1796357393846731,0.0706944381281549,0.0047225040980407,0.1622856882986948,1.4566659547426348,24.65986437496011,0,0,1
AMD,2020,11.293260333083634,Early,0.3322214809873249,2.5415804716590813,0.0592501673733541,1.30260173448966,0.4504531273213489,0.2031137969886305,0.0328051774157554,0.1096998873297142,2.509051171804466,22.916259253421945,0,1,0
AMD,2021,10.42057965166096,Decline,0.2957766241055142,2.024292452830189,0.053224897334729,1.5372527009962116,0.683294069445867,0.1731167092612875,0.0242370561236814,0.2142509431666058,2.4354169605282667,23.242493394992827,1,0,0
AMD,2022,3.966124848411371,Decline,0.0330004125051563,2.358140995446695,0.0469813554306007,0.5900323754046926,0.4361080686381891,0.2120672852845218,0.0066587747854394,0.1510529214863777,1.6026398274085711,24.93657791824735,1,0,0
AMD,2023,9.61639518640239,Maturity,0.0126084228398479,2.506802212587831,0.0442365765633055,0.3348466393533385,-0.0390237701792296,0.2589065255731922,0.008043013920601,0.0735008818342151,2.362399521883624,24.941080934013385,0,0,1
AMD,2024,8.114554487357474,Maturity,0.0239368103215642,2.61626150254086,0.0428018374599139,0.3761186192209232,0.1369047619047619,0.2503781268179174,0.0091872995695259,0.1179367849524917,2.209872530069133,24.960642351561795,0,0,1
AMAT,2020,4.738114990100559,Maturity,0.1749281001522585,2.9982058757568963,0.2733413859437212,0.8314764241003456,0.1775739320920044,0.1298686199279153,0.0188788976871113,0.22113707708406,1.747130757459551,23.830226377230847,0,0,1
AMAT,2021,6.050532261072253,Maturity,0.2444269168500145,2.5389344262295084,0.2199419167473378,0.9574079455353066,0.340716195791187,0.1077483414993712,0.025866408518877,0.2359623639595889,1.9531031119987776,23.97460885199084,0,0,1
AMAT,2022,3.772468440748896,Maturity,0.2483301935262887,2.158151511044857,0.2149217989972311,0.9813324199349204,0.1180245414733555,0.10746558076401,0.0294469804684576,0.2093853015318983,1.5628636638664926,24.008902711342696,0,0,1
AMAT,2023,5.089896323352971,Maturity,0.2386563397441476,2.5972599023331524,0.1891698395652315,0.9230528239491776,0.0283885980221058,0.1169815589998868,0.0359920596179504,0.3280914130557755,1.8066310574969224,24.148472671101462,0,0,1
AMAT,2024,5.268301074351147,Maturity,0.2203629217968006,2.5059045819555976,0.1894271847481763,0.8344130922042433,0.0248519817475581,0.1189652634677656,0.0345839751227876,0.3192890785987636,1.835505356899732,24.26158399504319,0,0,1
ADI,2022,6.826097417452227,Maturity,0.0535654374118222,2.0215675156745427,0.016976185009249,0.2341343879543057,0.641634803559194,0.1415452515920446,0.0139020940373561,0.3725170224987562,2.057463971634619,24.641317632662563,0,0,1
ADI,2023,8.630862652278797,Maturity,0.066895763807899,1.3695912896430489,0.1283529869916837,0.2483538423651663,0.0242706126784414,0.1349143666116535,0.025852577006767,0.391501258091986,2.264972801473902,24.61088298768571,0,0,1
ADI,2024,12.427901116657324,Maturity,0.0337090613433931,1.835388250097045,0.1441661081941617,0.1943287840053603,-0.2339094614222099,0.1578273280056755,0.0151459485065162,0.4086628662278564,2.597334715124136,24.59921134575718,0,0,1
LRCX,2020,1.2090521190901329,Maturity,0.1695572879604885,3.4320107688931527,0.4068354886140555,0.756369901334243,0.0405215320070038,0.1246834162689791,0.0025971480138775,0.2116980476141931,0.7925635181343561,23.401478424344774,0,0,1
LRCX,2021,1.0397944763152382,Decline,0.2567030611832394,3.302955298484892,0.3196118436320015,0.9606288409201884,0.4561009866262289,0.1021053387255019,0.0038630388131198,0.2453251881048669,0.7128490558765199,23.48909123947673,1,0,0
LRCX,2023,0.8369542108877829,Maturity,0.2507655735460787,3.160972807591451,0.2735559397013349,0.968862483331492,0.0116953935032015,0.099099774186167,0.001698413711729,0.2971531253722348,0.6081088798949935,23.656145793641,0,0,1
LRCX,2024,0.9056973510911892,Maturity,0.2040043786807949,2.969552636225296,0.2501673003737371,0.794395280055191,-0.1447702145151084,0.1276346684346182,0.0032449657311645,0.3121199947455235,0.6448480051586729,23.654178376546213,0,0,1
APP,2023,5.974956259276814,Maturity,0.0636584187804211,1.7118158458334831,0.5903527904512382,0.5858976233941668,0.1654310986852241,0.1804356692344735,0.0007922843520854,0.3233267957870138,1.9423260566163416,22.4020781216068,0,0,1
APP,2024,26.011232623544124,Maturity,0.2813881814099653,2.186525978938449,0.6400451913946889,0.8388067235661997,0.4343963470964979,0.135624413919165,0.0008137313415543,0.4457210577994618,3.296252802584942,22.49299422789478,0,0,1
MU,2023,5.0919414395561855,Early,-0.0893692975937856,4.458342077649528,0.201232608086656,0.2380934141277952,-0.4947655894401456,0.2003861003861003,0.1194633797117689,0.1003217503217503,1.806966822307164,24.88610981560877,0,1,0
MU,2024,4.0173773155062005,Maturity,0.0116406074661479,2.63538062283737,0.1784026737351619,0.3757163163013391,0.615894465894466,0.1365935247501095,0.1208078829088394,0.3387758352913066,1.6129073500702749,24.96338322545201,0,0,1
FTNT,2021,3.1235926510461685,Early,0.1218033642458549,1.5532548207583796,0.1738271020932236,0.6708820105182866,0.2882362010484119,0.1269223864520375,0.0036998868071159,0.4487164143378613,1.416724786069082,22.501450247426963,0,1,0
FTNT,2022,9.311678984841098,Decline,0.1411530324110281,1.237785862785863,0.1690590879897238,0.7273176313688041,0.3217042666507091,0.1159958346538688,0.0034039820166987,0.3917689138407207,2.3332771349003028,22.552321091078728,1,0,0
FTNT,2023,8.23483980241323,Maturity,0.1702096108075243,1.1907233127184726,0.1429968728044194,0.7866596475098058,0.2008873998279531,0.115706529935153,0.0032511813084627,0.36485824159252,2.2229832667127902,22.705494139289783,0,0,1
FTNT,2024,12.288164138601797,Maturity,0.2050522852778757,1.470559263181225,0.1065952412655816,0.6997767594877218,0.1227190469009199,0.1203532690822391,0.0023558091180055,0.3791430202491689,2.586873724627976,23.00187580999317,0,0,1
SNPS,2020,9.782442700354624,Maturity,0.0920452764772166,1.1912663171835236,0.0735135046279841,0.5105956804820875,0.0965833247537562,0.3470622728633176,0.0192672235905526,0.2689925137323314,2.3779191353921565,22.806458086045883,0,0,1
SNPS,2021,12.715023775032044,Maturity,0.0902754696281003,1.1636045650188689,0.0670785602804304,0.5010263776371351,0.1408066304848938,0.357933853179433,0.0107131186687781,0.3550317504453292,2.618491857893864,22.892577789794466,0,0,1
SNPS,2022,9.615846856158456,Maturity,0.1083737146021482,1.085842525082907,0.0718924129709143,0.5593225049582157,0.2086842825721845,0.3306828911381624,0.0145028390585051,0.3421992773059831,2.362347871168361,22.965897826461354,0,0,1
SNPS,2023,13.873567096604116,Maturity,0.1245379398880615,1.1491141539419003,0.0582701409669537,0.5916211344535816,0.1497728445420701,0.3332089598859689,0.0183504883466589,0.2915257695221954,2.6995856171516364,23.05862117202336,0,0,1
SNPS,2024,12.21430480804011,Decline,0.193395974108601,2.4412728480219763,0.0451037020441484,0.5235627486361593,0.0487481726944714,0.3398419828456797,0.0094206161580612,0.2296276941937867,2.5812999403947874,23.293857783555755,1,0,0
DELL,2021,1.32784524778379,Maturity,0.0268289058759431,0.8048289366733171,0.4032816108252643,0.7778236391553435,0.0224623998958265,0.0559836135167261,0.0168699104646922,0.1210625742910511,0.844943053339998,25.5388184969542,0,0,1
DELL,2022,0.8515017975967399,Decline,0.0514735137635901,0.8010281221651043,0.2984202296867418,0.9363590099467962,0.0740044999150959,0.0254651817741632,0.0301504286407505,0.1018508453807919,0.6159970922577671,25.253011800298445,1,0,0
DELL,2023,0.979248720529782,Maturity,0.0267842453357902,0.819897781391567,0.3372130653602794,1.122053678172266,0.0109094143107009,0.0271649348491217,0.0335115108636216,0.0348481442019139,0.6827173386272529,25.21874391726024,0,0,1
DELL,2024,1.5016466684230882,Maturity,0.0374024461269656,0.7412669608611374,0.3236730865280366,1.029994175888177,-0.1356389478108718,0.0316765620582414,0.0335733167659491,0.0981170483460559,0.9169491824172444,25.131069861492836,0,0,1
MRVL,2023,9.40002723310161,Maturity,-0.0073267957253726,1.3747433695060125,0.208404189662598,0.2652703362441326,0.3265557886895858,0.3014223934049598,0.0091554517562749,0.2177174133387391,2.341808424711361,23.8377628863588,0,0,1
MRVL,2024,18.645539157998403,Maturity,-0.0426691291090865,1.68818211884026,0.2054737734649174,0.2517771184852322,-0.0695824042165011,0.3442816420647457,0.0158419106389994,0.2488334513499283,2.9778502976833643,23.778610455478653,0,0,1
FTV,2024,5.2399931450206,Maturity,0.0490982347861199,1.1581040028591851,0.2035660345202484,0.3673554802979259,0.0274512390153825,0.0664334542186848,0.0070756518826288,0.2450014442055265,1.8309790838263416,23.55742579170766,0,0,1
TDY,2024,4.738913989162246,Maturity,0.0570306734799014,2.334020291693088,0.1942396394493151,0.3947313459851575,0.006121905775885,0.0516049382716049,0.0058941586563853,0.2102116402116402,1.7472699919364214,23.37654301227175,0,0,1
MCHP,2020,6.251903124876165,Maturity,0.0318983902661273,1.3540979601807743,0.5146360918392526,0.2948448824774081,-0.0140760818768109,0.1664328239353835,0.0038792386133443,0.2927078988282583,1.9812639344024103,23.581234919348017,0,0,1
MCHP,2021,6.821016192446055,Maturity,0.0206105902096747,0.8902722443559097,0.4676675486079083,0.3208031877398252,0.0311326836297447,0.1537952338923212,0.005619341214166,0.3524014416004707,2.056814493997852,23.525340543303265,0,0,1
MCHP,2022,7.844673507998163,Maturity,0.0786760633203073,1.753109363831308,0.4825025463748881,0.4174574564772341,0.2542107972933216,0.1450101892712105,0.0228463841476588,0.4167631837440806,2.1798154143242616,23.50824621457264,0,0,1
MCHP,2023,7.097825064300848,Maturity,0.13740950205405,0.9841916244468673,0.3158341630880313,0.5181916990586372,0.2371827764664487,0.1325204119117873,0.029700127670232,0.4290945287781293,2.0915955150428305,23.51873455442909,0,0,1
MCHP,2024,5.483523574092804,Maturity,0.1182812039635895,1.1959196634119236,0.3231295516972003,0.4735466062927411,-0.0953108891179921,0.1437441056271612,0.0179610916513368,0.37890338467987,1.86926412401358,23.487897989532737,0,0,1
SMCI,2021,0.0081690997533989,Maturity,0.0537733649633106,1.927202713191096,0.0502813604500339,1.710048286188804,0.0653257392833966,0.0630706730885455,0.0258773111432654,0.0345629503612447,0.0081359132712928,21.530618104821617,0,0,1
SMCI,2022,0.0670874337544151,Early,0.1047038199271861,1.909026655347124,0.191391657673123,1.907861167191508,0.4606361010866858,0.0523995020110278,0.0140970092138192,-0.0848330641891157,0.0649329124998368,21.88800195230345,0,1,0
UI,2023,4.873623325970594,Early,0.3621687246874988,3.317171613812784,0.7991622576523447,1.7240482588375252,0.147083511655786,0.074811183852509,0.0148848228703234,-0.0749431077983542,1.7704717050768786,21.0642983745707,0,1,0
UI,2024,11.539550244837807,Maturity,0.273319663184827,3.216439423998652,0.64410453113793,1.5061556670914018,-0.0061952721755907,0.0828461646158393,0.010373246293351,0.2807979299866735,2.528887668918669,20.866856961246544,0,0,1
SSNC,2020,6.559327726311435,Maturity,0.038279855623961,1.0066570314895107,0.4215190032404732,0.285807002666487,0.0075546633857842,0.0855631011804023,0.0021854354542942,0.2537972107371623,2.022782261146291,23.49106812251503,0,0,1
SSNC,2021,6.168703466756826,Early,0.0481107509486838,1.104152060450261,0.3559510759822304,0.3037592538022527,0.0820711669058891,0.0821421500692932,0.0029596723013904,0.2829142744011086,1.9697248107507557,23.57587803596328,0,1,0
SSNC,2022,4.764397516212185,Maturity,0.0382624763507648,1.1066277159028666,0.4360036749473077,0.3108899762551381,0.0459314987131261,0.0846678023850085,0.0038070532567118,0.2147075525269733,1.751700641097962,23.53587423199244,0,0,1
SSNC,2023,5.043989205698361,Early,0.0349351762871233,1.074127097749145,0.3793730147769645,0.3166550618889509,0.0416051485898163,0.086101620992949,0.0031266399668554,0.2208148578905284,1.799064258455616,23.61931588728249,0,1,0
SSNC,2024,5.396511299923868,Maturity,0.0409452125597622,1.116689249707186,0.3762044033248095,0.3166860490158074,0.0689103729010685,0.0880142808568514,0.0032239940770923,0.2360761645698741,1.8557527323525944,23.670054684639496,0,0,1
NTAP,2020,2.3030735763926,Decline,0.1007194244604316,1.1819690265486726,0.1647168306301515,0.6655598598044641,-0.1194272697689554,0.1565040650406504,0.0164849773996277,0.1958610495195861,1.1948534217865308,22.7410978971275,1,0,0
NTAP,2021,3.031602478292992,Decline,0.0864826442364648,1.738412514484357,0.2887820512820512,0.6804880938277456,0.0613451589061345,0.1533774373259052,0.0173076923076923,0.2320682451253481,1.3941639342153809,22.95971112754275,1,0,0
NTAP,2022,2.190857513483628,Maturity,0.0966676983390075,1.5039210726030865,0.2636146020347097,0.6518105849582173,0.0999303621169916,0.1394428616650838,0.0225413923798124,0.1916745805634694,1.160289693677283,23.028447555887464,0,0,1
NTAP,2023,3.3334690323043867,Maturity,0.1284015319492037,1.3498702047880011,0.2685883071908739,0.6412013706913928,0.0069642291864514,0.150267211568689,0.0243430433896924,0.1740018861993084,1.4663683834502843,23.007483272684127,0,0,1
NTAP,2024,4.4267240722086605,Maturity,0.1000761228114691,1.1926449098879688,0.2237281278446445,0.6361837097183456,-0.0147752279157497,0.1641671984684109,0.0156771518155153,0.2688257817485641,1.6913356502671628,23.01448659996255,0,0,1
GEN,2021,7.63100679575283,Maturity,0.0786038592508513,0.7200374531835206,0.5272755855997485,0.3619466515323496,0.0244979919678714,0.1046648373186985,0.0009432479169941,0.2767542140337122,2.1553611606028498,22.573451434800287,0,0,1
GEN,2022,5.875626106971664,Decline,0.1256764882742032,0.7373572593800979,0.4048682125882183,0.4203247143716175,0.0960407683261466,0.090486409155937,0.0008641797493878,0.3483547925608011,1.927982709510974,22.660999794861574,1,0,0
STX,2020,1.9919703837479497,Maturity,0.1127140050519225,1.511388684790595,0.4708846584546473,1.179792309851249,0.0114533205004812,0.092587306118565,0.0655095184770436,0.1630982966980683,1.095932161583277,22.9126822319468,0,0,1
STX,2021,2.875688583151193,Maturity,0.1492757739278614,1.2937350222526531,0.5686455331412104,1.213405282590173,0.0163669235893044,0.0845426458196798,0.0574063400576368,0.1522329369909184,1.354723345896462,22.88371116289461,0,0,1
STX,2022,1.717016440046813,Maturity,0.1871842896872694,1.1344585091420534,0.5699910554561717,1.323684658607185,0.0917517086415129,0.0806963382214218,0.0425983899821109,0.1420975902581253,0.9995343812344484,22.91424875347096,0,0,1
STX,2023,3.550359563875616,Decline,-0.0641212121212121,1.120756172839506,0.7571466384330333,0.8950303030303031,-0.366778149386845,0.1079360780065005,0.0418210693488618,0.1275731310942578,1.515206254868154,22.74560778671802,1,0,0
STX,2024,4.389914717014587,Decline,0.0438051650866296,1.0751855437237818,0.7149502519705389,0.8566198103955541,-0.1128114842903575,0.0998320867043199,0.0328207778782788,0.1401312776675316,1.6845295623494565,22.76953831736395,1,0,0
FFIV,2020,4.233155885183278,Early,0.0762106022474667,1.3921487503871444,0.1512984403324554,0.5827380225688645,0.0483289014188518,0.1877317806282228,0.012813387146424,0.2811348541063508,1.655014515821468,22.26611940385059,0,1,0
FFIV,2021,5.500524009836089,Maturity,0.0684721762857615,1.1577928419642594,0.1294138011078026,0.5381627253183396,0.107449224143725,0.1969055271996484,0.0061335366439343,0.2478267015336772,1.871882790550084,22.33215960155893,0,0,1
FFIV,2022,3.131502912774778,Decline,0.0627168570242159,1.0392798503873202,0.1179160584315133,0.5248166297009171,0.0355029699441042,0.2015575821310201,0.0063727755272076,0.1641900776936359,1.4186412421751375,22.386470841595514,1,0,0
TRMB,2020,5.9724517498584495,Maturity,0.0576877552228206,0.9771982002592848,0.2408643429452224,0.4657187666449666,-0.0357197561498636,0.1511897576007878,0.0082595355465398,0.2134892143469835,1.941966920432236,22.65143380609943,0,0,1
TRMB,2021,6.516863851749132,Maturity,0.0705040603870783,1.2204273935722698,0.2352808608935714,0.5236074839909849,0.1624678336563204,0.1466480828619059,0.0064933235675249,0.2051050804842721,2.0171490099851623,22.68330428151932,0,0,1
TRMB,2023,4.183761350090594,Early,0.0370412236811575,1.0008746515060405,0.3342488442548195,0.4520028795297561,0.0332943448576013,0.1748756153420907,0.0044028387827199,0.1571853528838813,1.645530922128137,22.978685944557284,0,1,0
JBL,2021,0.4588498569715322,Maturity,0.0448288735045126,1.0181596929701395,0.1928065329650534,1.88622638014318,0.0740310120449176,0.001161003926925,0.0695928905968536,0.0489329008024585,0.3776483560694557,23.535916264820084,0,0,1
JBL,2022,0.4102945733831604,Maturity,0.0547689092958675,1.0154048331751475,0.1517472232083988,1.840917214264112,0.1431791019293153,0.0009857219666646,0.0702439519196632,0.0493159686958599,0.3437985998629199,23.70474704478126,0,0,1
JBL,2023,0.5812577470638565,Maturity,0.0417976035359341,1.160299330445057,0.1618616144975288,1.7731790194425283,0.0365613238544715,0.0009797706184081,0.0530271828665568,0.0499683015388162,0.4582205728106127,23.68977525187498,0,0,1
JBL,2024,0.7117330804662528,Decline,0.0754860639021074,1.0856391105075538,0.1823526021554953,1.5707953772943577,-0.1676848596622673,0.001350275248416,0.0451847155783528,0.059412110930305,0.5375063546215666,23.57691597862358,1,0,0
FSLR,2020,3.4367573645701746,Maturity,0.0544773129147971,3.5574015987764898,0.0600266059693081,0.3707900786481973,-0.1148454335893797,0.0345726749804155,0.0586072645802864,0.0136906878242871,1.4899237863331545,22.684617717980853,0,0,1
FSLR,2021,3.0711348538264,Early,0.064546364282563,4.390341983111334,0.0515147133446438,0.4025947833171528,0.0782069477290129,0.0339042826156188,0.0728769234878022,0.0812618420408999,1.403921794451547,22.72660168171393,0,1,0
FSLR,2022,5.955137228762181,Early,-0.0056388219986831,3.652452487746231,0.0272611543396934,0.3344172802329579,-0.1040091647433772,0.0430661557450619,0.1095115781553969,0.3334336138515393,1.9394805561314623,22.83362787482221,0,1,0
FSLR,2024,4.7840646046915465,Early,0.1149020122418944,2.449663095287377,0.0557546084284359,0.3740670365490231,0.2674882375168821,0.0454973493262113,0.1258685715478119,0.289566171035799,1.755106654346565,23.21848257143276,0,1,0
DT,2021,24.940476910124765,Maturity,0.0352297583834345,1.0499621089933648,0.1906358339486698,0.3273430553209666,0.2889430801956017,0.1583703975357813,0.0062387588433387,0.3133378535313691,3.25580456384361,21.536955797562623,0,0,1
DT,2022,11.865935574503713,Maturity,0.0218658442431185,1.0956828739404736,0.1282755744084743,0.3874682961725288,0.3211558061090903,0.168210060842761,0.0069629443082504,0.269964333553895,2.5545831655538955,21.655945533449547,0,0,1
DT,2023,13.392211938836535,Maturity,0.0406881394444751,1.078242657247578,0.1205772729425999,0.4366327049213846,0.2464750469366127,0.1884707344652275,0.0077892575506798,0.3063235306811218,2.6666872226957605,21.740431961695723,0,0,1
PAYC,2020,29.504298839480512,Maturity,0.0563131755746856,1.0853157395388904,0.0392566927104902,0.3303090250919118,0.1406629784822773,0.1072502418490339,0.0360832727484669,0.2700235550263003,3.4178676192382125,21.681815738493693,0,0,1
PAYC,2021,22.43102534918912,Early,0.067304853790715,1.1314442753000638,0.0349996656449398,0.3625326010032187,0.2544346912532652,0.1121964067136322,0.0375385869066558,0.3025625187110857,3.15406101379815,21.89113829501865,0,1,0
PAYC,2022,12.845322688882352,Early,0.0790678619287411,1.1628645241954585,0.0324383288409289,0.386424298554384,0.3028770544298377,0.1078687160871949,0.0339980930236491,0.2654873627308543,2.6279474636017564,22.084886541802508,0,1,0
PAYC,2023,6.445670697703575,Maturity,0.0841446449973407,1.1099890596032655,0.0325564574861603,0.4181884264446697,0.2315676496380937,0.1174671158676345,0.0458809316601942,0.2863815586706769,2.007632749076848,22.15776423835583,0,0,1
ENTG,2020,7.5940339965489665,Early,0.1085685807785443,4.078489620852141,0.3857540333194411,0.6843531816329768,0.1685957716398942,0.0731759526233614,0.0451561780254008,0.2402360441733048,2.151068241191961,21.79406010101668,0,1,0
ENTG,2021,8.945627084753433,Maturity,0.1339290741509416,3.465347057131776,0.3123936368854123,0.7525520525756876,0.2364206564467628,0.0729185742877115,0.065987738948888,0.1741942752446503,2.297132965597415,21.883880934862844,0,0,1
ENTG,2022,4.789154075189533,Early,0.0313440658603456,3.0648247675970657,0.5635392628577364,0.492400241756786,0.4276580075714702,0.0697719980268327,0.0459807254407474,0.107336824462155,1.7559861799075778,23.039641106961,0,1,0
ENTG,2023,7.606770416440625,Decline,0.0190665114349046,3.8469771106722814,0.5250283372960347,0.3718898946402407,0.0737021839816967,0.078694331265753,0.051840259011226,0.1786535812613545,2.1525491512602977,22.89944733138609,1,0,0
ENTG,2024,7.43491000641922,Maturity,0.0340307328131211,3.077630822311673,0.4806486773671709,0.3767267106796098,-0.0802281319187746,0.0975287608817453,0.037596222342405,0.1949029497644088,2.1323790468739414,22.850856861531835,0,0,1
SWKS,2022,2.562415422135853,Maturity,0.1460333820034928,2.632569891596708,0.2700083391557168,0.6281886111826849,0.0736724667749701,0.1126424209279008,0.0551511190245441,0.2597028529760277,1.270438804158095,22.90636895201111,0,0,1
SWKS,2023,3.502738404299965,Maturity,0.1136152134331377,3.326880820341111,0.1757508870613644,0.5517065980752002,-0.1299972655181843,0.127147766323024,0.0249563886218804,0.3889866733718883,1.5046857459832468,22.85467107336401,0,0,1
SWKS,2024,3.1134321100920683,Maturity,0.0713345302214243,5.543388086942094,0.1786244612654376,0.5000598444045482,-0.1245494929176095,0.1511967448539971,0.0189537986068354,0.4367400670177118,1.4142577433195254,22.8375072767887,0,0,1
CIEN,2020,2.232091444108526,Maturity,0.0894920068865728,3.432569432668026,0.1764615274591674,0.874917500210236,-0.0111905190487135,0.150018246640792,0.0197724566165747,0.1397599257337655,1.17312943360901,22.153796437652858,0,0,1
CIEN,2021,3.019908969289731,Maturity,0.1105876713879416,3.508031638119754,0.14632801306085,0.8004922318282796,0.0250631554599639,0.1482222696043068,0.0163507273144706,0.1495977003240271,1.391259257919249,22.30537921151639,0,0,1
CIEN,2022,2.2306827341180404,Decline,0.0307809099253446,3.2538452002387124,0.2176720124853244,0.7312959348492012,0.0033079385000182,0.1719554893781721,0.0179141207882544,-0.0461799215506208,1.172693487690447,22.346534068285997,1,0,0
CIEN,2023,1.8567365144583765,Early,0.0477600913193142,3.8365863000940967,0.2814721784095139,0.822134156963927,0.2075305127563513,0.1711046656494661,0.0189586887072112,0.0383745855796891,1.0496798944448948,22.446299363523128,0,1,0
CIEN,2024,3.438573240235229,Maturity,0.0149350270465662,3.54498319731157,0.2762077500422329,0.7142248501089405,-0.0847121507134651,0.191159552224122,0.0242213858168728,0.12815386473821,1.4903329825132736,22.45338693127772,0,0,1
MTSI,2020,8.51775519363171,Maturity,-0.0409218109042531,5.071290152711954,0.5966436618784607,0.4707251592138906,0.0606934449718635,0.2666474227270926,0.0153284811606136,0.323367991291174,2.253159022010056,20.85991685933696,0,0,1
MTSI,2021,10.109952994679016,Maturity,0.033301279985337,5.605262026568076,0.459115897879019,0.532252201530054,0.1450521378696204,0.2287682066829236,0.0158304273263118,0.2445330521320767,2.4078413727406094,20.849144900920734,0,0,1
MTSI,2023,11.115656292307476,Decline,0.0586081359691858,9.113355282849446,0.3025216900886145,0.4149723797391474,-0.0396389057570685,0.2290922213979799,0.0159015582870431,0.2574262770142827,2.4944985246797,21.16361148467625,1,0,0
MTSI,2024,14.453807963017637,Maturity,0.0464561465436685,8.347611476743326,0.2691064227290333,0.4409813097104643,0.1251852617260455,0.2496758400061405,0.0127816636668109,0.2229233885890199,2.7378554430732187,21.2860993003217,0,0,1
ENPH,2020,24.080565731109044,Early,0.1400650699698169,1.7471701716902943,0.0167544092085506,0.8095070100479532,0.240403758891489,0.0722097039739161,0.0171302105987657,0.279347903283081,3.222093272572077,20.90567239096133,0,1,0
ENPH,2021,19.9595598973879,Early,0.0887057771673602,3.325316737760234,0.4633936369547569,0.842877782785533,0.7846131000419666,0.0763547457434577,0.0251330283524491,0.2547145578774703,3.042594861970368,21.455275974845733,0,1,0
ENPH,2022,18.49943450612501,Maturity,0.153910808407262,3.547796289361489,0.3950815101093285,0.9028127236839252,0.6865197977785158,0.0724395746964737,0.0150579713904055,0.3195469641371635,2.970385465463305,21.84958408003073,0,0,1
ENPH,2023,8.068677177745744,Maturity,0.1357402758372437,4.58920572674566,0.3879797056587443,0.7084220103251871,-0.017189844232991,0.0992393003973308,0.0326339368586336,0.3041663429058847,2.2048264075969755,21.942032274181788,0,0,1
ENPH,2024,8.894734820219098,Decline,0.0309551723222922,3.5253987707755448,0.3766938611726215,0.4011595298919533,-0.4192460579032699,0.1513210857324544,0.0103407231982511,0.386124146204514,2.2920027793239286,21.90182113631848,1,0,0
LSCC,2021,20.414301921255625,Maturity,0.136392236099252,2.83808779348471,0.2202468292924649,0.7327474599395263,0.2626849946094286,0.2144618853659909,0.0135376204070508,0.3254671305792244,3.064059012882768,20.403740783542037,0,0,1
LSCC,2022,14.45414814140578,Maturity,0.2345675046075713,2.97682397368359,0.1782492584946031,0.8659231173211243,0.2814310137058605,0.2055966781554192,0.0292195068816959,0.3616322105046369,2.737877455424149,20.498512241456403,0,0,1
LSCC,2023,12.54560134171668,Maturity,0.316003774075129,3.7776796714579057,0.1658841661374679,0.8991837678175318,0.1162978756912937,0.2167389717752328,0.0239007532459501,0.3657146267944011,2.6060618703963083,20.549976170754608,0,0,1
NXT,2024,0.8355071459107627,Maturity,0.1555129895883215,1.9834691739410373,0.0571573879756167,1.269450359048786,0.3142276292401651,0.0169450777069421,0.0024456264972514,0.1716001137672356,0.6073208171156632,21.64704128869022,0,0,1
CCCS,2022,8.52505560266427,Early,0.0116585896494272,3.160822089532544,0.2472087524593984,0.2375212246527899,0.1368031986610256,0.20059735599043,0.0143097972169442,0.25548918266773,2.253925758545781,21.93250107066989,0,1,0
CCCS,2023,9.674866018156274,Maturity,-0.0281385656676134,2.2889664959746776,0.26820362892653,0.2706601930252308,0.1072659141565957,0.1998042424899986,0.0180371283234569,0.2885957399656962,2.3678920080435373,21.83874835337835,0,0,1
CCCS,2024,9.160492363840664,Maturity,0.0100220427194383,3.646526226056857,0.2539216604078012,0.3030994225776347,0.0905170722248256,0.2132652413209144,0.016653587658778,0.3004720575783234,2.3185069019840783,21.88115847206226,0,0,1
SAIC,2020,1.4253322210135262,Maturity,0.0487384084537416,1.267730496453901,0.4294205052005943,1.375673927108044,0.369177935179223,0.001097350681925,0.0044576523031203,0.0717980874745257,0.885968513362122,22.273166036876585,0,0,1
IDCC,2020,5.530275210821838,Maturity,0.0277546752109509,3.471977468369838,0.2419359329322052,0.2223985761178209,0.1256318119677415,0.2357886409408592,0.0072964068614561,0.4553512483599867,1.8764490880084832,21.20338995645352,0,0,1
IDCC,2021,4.953523434581681,Decline,0.0340861001513054,2.8266825635629145,0.2705668252919253,0.2622395113349614,0.1850129947547431,0.2100754803024853,0.0015422355106021,0.3065097353370521,1.783983218171049,21.21071392364604,1,0,0
ITRI,2020,2.3620682468148955,Maturity,-0.0218086483492333,1.6916961114677422,0.3718417520673964,0.8178384244639185,-0.1315180601565653,0.0893095911841166,0.017724431276594,0.0503894908781374,1.2125563342494274,21.681474794643663,0,0,1
ITRI,2021,1.997431415913825,Maturity,-0.0324967160339728,1.495837189634263,0.212024446588882,0.7924999395098357,-0.0882407343501967,0.0995346119141772,0.014488321866162,0.0781167678994253,1.0977557272286886,21.59614372135413,0,0,1
ITRI,2022,1.695328993085515,Decline,-0.0040789057869999,1.6639201559654373,0.2089485710729421,0.7525623089322672,-0.0938689081194122,0.1030862726140644,0.0083037646368201,0.0136447378094013,0.9915202722667767,21.58955843577041,1,0,0
ITRI,2023,1.798831255451597,Maturity,0.0389066103664923,1.9534022291879167,0.1871865475952313,0.872534818471879,0.2105572399535744,0.0960088478597813,0.0103230741288418,0.0574940663856317,1.0292019212745829,21.68041555504062,0,0,1
ITRI,2024,2.3534872645161617,Early,0.0795440898247238,3.4374641515148645,0.3720405690418218,0.8120037538968636,0.1229296758008366,0.0880984678616392,0.0089687151424908,0.0975792320421232,1.2100007788811913,21.94928081802214,0,1,0
BOX,2020,3.6831035136424615,Maturity,-0.1792973582618287,0.7926897273108269,0.2563992787432382,0.8648425738688025,0.1444444809709625,0.2868883067342272,0.0056792199093533,0.0642184573667459,1.5439610340874688,20.682434468423885,0,0,1
AMKR,2020,1.060186217113477,Maturity,0.0695905690164753,1.620785007754636,0.2466525868270603,1.03943763309167,0.2462435690227382,0.027863482853188,0.1101128544210026,0.1524639997433962,0.7227963753729859,22.337156023482404,0,0,1
AMKR,2021,1.109514147425166,Maturity,0.1162648671690686,1.700603368983798,0.2023552327262454,1.1099184376628772,0.215368940137477,0.0270492181178297,0.1291333984924205,0.1826710494012295,0.7464576590898299,22.52143041642352,0,0,1
AMKR,2023,1.3597620452531736,Maturity,0.0529413850572674,2.308319037902454,0.186127563735716,0.9568338782018412,-0.0829884997500558,0.0272906698610578,0.1106857427680038,0.1952956029195464,0.8585607856714521,22.63593308451124,0,0,1
AMKR,2024,1.2137455707393487,Maturity,0.0516223561846626,2.111952723712013,0.1753147316774207,0.9212516713811786,-0.0285054816459623,0.0257928053472692,0.1071084199939864,0.1723521817777758,0.7946859093175793,22.661191048355967,0,0,1
SANM,2020,0.3487670307105188,Maturity,0.0363922700841828,1.8517419999750424,0.0922424413993748,1.8130286009594208,-0.1546649025687712,0.003241781686893,0.0174895352239907,0.0431808941191344,0.2991908645433092,22.051045099905046,0,0,1
SANM,2021,0.3799000275635165,Maturity,0.0674233257617294,1.8614226877452869,0.0876951847746426,1.693526873971959,-0.0292695646926815,0.0030948801054014,0.0174235550318431,0.0500754590704289,0.3220110527503816,22.159948846122223,0,0,1
SANM,2022,0.4899625015459597,Maturity,0.0565000691026766,1.5998746363087648,0.0813464348183969,1.7406318995823948,0.1678099612485075,0.0027049068655562,0.0285294783413931,0.0419308089817153,0.3987509528930018,22.304201389113583,0,0,1
SANM,2023,0.3292355999152035,Early,0.0636915845410906,1.907986497040326,0.0818501475594423,1.835943365715077,0.1323840453204655,0.0029576785709489,0.0392630809229769,0.0263197243036635,0.2846040401032347,22.30717422688372,0,1,0
SANM,2024,0.5797976379367232,Maturity,0.045898791695787,1.994368465882302,0.0750254258637795,1.560992874669234,-0.1529616852645895,0.0037675428443376,0.023062528445347,0.0449525971918764,0.4572967615810449,22.29662984005052,0,0,1
NOVT,2020,7.677828984420412,Maturity,0.0513235518742993,2.6628351819590472,0.2632160512448869,0.6808667859808694,-0.0566619655996895,0.1032740005045519,0.0121639568228077,0.2374424971597787,2.160771380385528,20.57844698105978,0,0,1
NOVT,2021,9.190985322796344,Early,0.0480931764085344,2.0323424197283866,0.3868943539408885,0.6753674759753892,0.1966906131322349,0.1026071282539583,0.0162686510033936,0.1338793677922673,2.321503537633209,20.92855738607368,0,1,0
NOVT,2022,6.900644718687023,Maturity,0.0599823012075274,2.556004668068708,0.3798464726412571,0.6973429535923081,0.218041208670714,0.0996279487933019,0.0158256607251621,0.1054462581731042,2.0669443661034466,20.939354159360597,0,0,1
NOVT,2023,7.3054632034905245,Maturity,0.0590758685315093,2.983991377761811,0.3154415459000241,0.7146868520160761,0.0241130533869669,0.1039876959651204,0.0162806592847308,0.1361916471391531,2.116913515560579,20.92706835123126,0,0,1
NOVT,2024,6.8141888505857215,Early,0.0490230313470643,2.5844532781853617,0.3258865072008792,0.7261202332929315,0.0766540919309213,0.1006220733319638,0.0123600029095916,0.1669874479191357,2.0559411645755032,21.051497787618164,0,1,0
RELY,2023,3.487912974359177,Early,-0.1360535578109278,2.540945755494917,0.1321598060804434,1.090235351641989,0.4448329151110839,0.2329159099212631,0.0027569077087269,-0.0567519340029758,1.5013877772924586,20.75892830493185,0,1,0
RELY,2024,3.1406690395657706,Maturity,-0.0360905866111126,2.7279397461459904,0.1397423758800479,1.2336298914149435,0.3385397417093356,0.2134690651545971,0.00592178075984,0.1538692192730325,1.42085737854059,20.736054710570023,0,0,1
GRND,2023,7.922035881101298,Maturity,-0.1262543538033309,1.1831928892993189,0.7373924583047493,0.5879199432208579,0.3316462836192088,0.1129303672441478,0.0011448621779372,0.1391923478287657,2.188524158341261,19.91267431561649,0,0,1
GRND,2024,9.997264230805754,Maturity,-0.2836486464541483,1.725198719933932,0.5772255734830616,0.7462197610657313,0.3271002845689685,0.095193189335995,0.0019724895113652,0.2755283835699114,2.397646535575446,19.987399031253595,0,0,1
BDC,2020,2.345561941951867,Maturity,-0.0168523818783583,2.109217088069191,0.5160067700002612,0.5690729372199741,-0.1260098401053264,0.0576019103287887,0.028733325816773,0.0930705485967801,1.207634674075123,21.86740392022089,0,0,1
BDC,2021,2.142683193137666,Maturity,0.0194970240541579,2.041681801544523,0.4468579096269191,0.7344666972986748,0.2927896684196625,0.0517669531996179,0.0266210060225117,0.1129749595116481,1.1450769551332505,21.9522269177596,0,0,1
BDC,2022,2.0074410886452445,Decline,0.0774127908037144,2.4006272668884656,0.3860061518024464,0.7923227089841066,0.0823823761471699,0.0400347594557421,0.0332399756458206,0.1079215878856007,1.1010895805269645,21.874367787718736,1,0,0
BDC,2023,1.942042165150441,Maturity,0.0758400753780225,2.299873402535738,0.3947767276682146,0.7847974324985871,-0.0362177415177912,0.0463467782128304,0.0360259626670156,0.1272401719050796,1.0791039542146927,21.89889811593904,0,0,1
BDC,2024,2.7603558720520467,Maturity,0.0604229910831532,1.9210234718261003,0.3696433046529112,0.7493698738255598,-0.0203436668519046,0.0456586586070015,0.03879279000991,0.1430633906262507,1.324513599745428,21.92561873022463,0,0,1
ALGM,2022,7.373247010968284,Maturity,0.1455918375807322,4.909588094758354,0.0422889919562635,0.9372370142498496,0.3001774336230796,0.158549658242636,0.078354731016558,0.2031147144303046,2.1250417436791005,20.60967151748178,0,0,1
ALGM,2023,5.3942580989936895,Maturity,0.1806917336740967,4.027394525933767,0.0322125377279019,0.9390150811925112,0.2666657126428108,0.1549319932255125,0.0675398233085412,0.1984341444025746,1.855400415633684,20.889758611104305,0,0,1
ALGM,2024,4.044926001137708,Early,0.1126184563666816,4.8530464429894495,0.1737975164036657,0.7739385299130674,0.0777628169378618,0.1683281444909169,0.0815181990365888,0.1731662993023413,1.6183829859354046,21.148927613007192,0,1,0
SWI,2020,8.628250972074905,Maturity,0.0287581462133292,1.0438290404801265,0.3498378333321367,0.1849596573883574,0.092990536446744,0.1238333230315499,0.0050435313440211,0.3817487718802521,2.2647015864771123,22.465569445653376,0,0,1
SWI,2024,5.72636234266901,Maturity,0.034865075929208,0.8490180153262832,0.3882011357553354,0.248284716965642,0.0502873184490075,0.1362776777367156,0.0017709879909907,0.2362895990061426,1.9060344838071217,21.876457216173147,0,0,1
BLKB,2023,5.546200730945603,Maturity,0.0006164286360229,0.7766504585523628,0.2647785462862589,0.3744065604264331,0.0447280751910254,0.1386824336548969,0.0016087057593039,0.1805936502652356,1.8788848402812484,21.792201773474257,0,0,1
BLKB,2024,5.000766034466693,Maturity,-0.1047234889683679,0.7797383110094506,0.4251867701239925,0.4273285066514496,0.0452881769299242,0.1389759367197608,0.0029823116822233,0.256139576545117,1.791887133489742,21.63784109864263,0,0,1
ZI,2022,12.618156235473084,Maturity,0.0090354771146519,1.452767592107561,0.1826691328961381,0.1569771182260727,0.4694860813704496,0.1868852459016393,0.0001261140070623,0.3797814207650273,2.6114039197129166,22.68847428460495,0,0,1
ZI,2023,7.103180379856233,Decline,0.015323427135176,1.3538533834586466,0.1916485884425549,0.1770120031132405,0.1288706739526411,0.1531262605889471,0.0002620735844386,0.3508672851956434,2.0922566241041043,22.65018246001193,1,0,0
ZI,2024,5.139859453823844,Decline,0.0043641598992194,0.6916117159944793,0.2122889479868885,0.1821099438358116,-0.0203307785397337,0.1614922177386148,0.0007730842971117,0.3042081857860496,1.814801851640362,22.59007093398455,1,0,0
DOCN,2022,9.7091948380259,Maturity,-0.0123990816213728,5.762172033846716,0.8692692581342226,0.2942743284681801,0.3447840564120393,0.2496607799112301,0.0585872191763018,0.3386162596603981,2.3711027031112857,21.31985145559995,0,0,1
DOCN,2023,8.430284217386207,Decline,0.0118460423421705,2.610989125074619,1.0739181651604726,0.4228931527751287,0.2022515191160497,0.2025808071769589,0.0816575596847841,0.3390784027340796,2.243926235892787,21.10236438287536,1,0,0
DOCN,2024,7.623040499816664,Maturity,0.0545112842590698,2.4517118870358217,0.9858341747940074,0.5036255049222866,0.1266171538092956,0.1825470942782293,0.1087037031387754,0.3621823818399595,2.15443774867917,21.21736128919825,0,0,1
ALRM,2020,6.800704704250717,Early,0.0247649063270171,4.403771995922167,0.2018581715952312,0.9585261104036802,0.2301921120783178,0.2461913615306074,0.0220599791987557,0.1651771916964804,2.0542140763133387,20.4108633862188,0,1,0
ALKT,2022,6.048664446418013,Early,-0.1266486203188908,5.819315614937281,0.1988381725763727,0.4414763425348094,0.342477277058866,0.33939883487541,0.0021620626527711,-0.1849904538111323,1.952838158653716,20.007637848002787,0,1,0
ALKT,2023,8.501948205463144,Decline,-0.1415827435271348,3.768323611463353,0.2487188144813356,0.5959896929257013,0.2964752533411661,0.31967934267514,0.0026461576939911,-0.0660874293417311,2.2514968518409217,19.806537511842304,1,0,0
SMTC,2022,2.582809912134722,Maturity,0.1135682438377,3.911985295835637,0.1664613749446243,0.6695469027972272,0.2448947013780483,0.1996671426913119,0.0231503628490659,0.2741726484697472,1.2761473842039792,20.846289340444788,0,0,1
SMTC,2023,3.3749508883121218,Early,0.0331735457996794,1.8212848521500296,0.5150356393999442,0.4088771932953551,0.0211579007043185,0.2213386593843229,0.0110222180019831,0.1674890586398742,1.475895294217913,21.66702697868412,0,1,0
SMTC,2024,7.700020411291306,Early,-0.5538572025958554,2.4599688703052185,1.0140762228522968,0.4406178178372115,0.1483411827375673,0.2146167287092608,0.0212449999454043,-0.1081083569877917,2.1633253717832237,21.040799145333143,0,1,0
IPGP,2021,5.668316211634884,Maturity,0.0911906508751703,7.490222790835681,0.0108978281302238,0.4784810292422178,0.2166492882627481,0.0955416672371069,0.0388287168747279,0.2667606752187068,1.897367386024928,21.87716775764676,0,0,1
IPGP,2022,2.8023760207638686,Decline,0.0371702216164847,7.232124261776978,0.0119630515295558,0.4834597603579412,-0.0214346343934394,0.0812243319037429,0.0401493832200869,0.1487527167697179,1.3356261399554328,21.732420122073567,1,0,0
PAR,2020,5.4794413522192205,Early,-0.1371003879173767,6.229610350609375,0.3121638172038318,0.8016559140994561,0.1418240471714237,0.0900526694919218,0.0037789200841311,-0.0946881460900152,1.868634295570514,19.65542230075901,0,1,0
PAR,2021,5.399097351769912,Early,-0.1230605131268984,4.676487598526034,0.3471095503119409,0.4592523082268175,0.3231736409306502,0.1222408405096226,0.0016157198848391,-0.1879127250102518,1.85615694163277,20.604650080799537,0,1,0
PAR,2022,3.549940251531636,Decline,-0.0795395543448764,3.301913776834159,0.4586258770462463,0.4082542410902538,0.2577772592938248,0.1367163675712137,0.0013780066396992,-0.1210528534689919,1.515114101345131,20.566445932406356,1,0,0
PAR,2023,4.539278220652359,Decline,-0.0841671372651231,2.2509597168212183,0.4740383201720395,0.5017581075667406,0.1687151309040318,0.1403385575112487,0.0068738584062416,-0.041063144655298,1.7118642071905523,20.50337449271905,1,0,0
PAR,2024,9.131014905638477,Early,-0.0045682449722511,1.949676761715712,0.2711672908547453,0.3205942474189691,-0.1583390048169533,0.1921755976021624,0.0007025284505916,-0.0721351383785451,2.3156015013604074,21.04587600971747,0,1,0
FORM,2020,4.517477951395008,Maturity,0.0870978243568434,3.151134430132431,0.0549969529192279,0.7693598632132789,0.1766893313247289,0.1283620908398883,0.0579983534343766,0.2440197457959447,1.7079208630184333,20.685789282902928,0,0,1
FORM,2021,4.220039244141678,Maturity,0.0846120226622783,3.522856528227812,0.0455091521969192,0.7759839131901053,0.109654333233374,0.1311425356709464,0.0651589385803316,0.1810688681181903,1.6525049199010913,20.74357813923818,0,0,1
FORM,2022,2.2961186282344075,Maturity,0.0500190265129035,3.1707189961715008,0.0416334400552256,0.737338496451999,-0.0282418270592484,0.1460310159812925,0.0647214717306006,0.1761993322967041,1.1927456029755172,20.731460172486408,0,0,1
FORM,2023,4.364255320007097,Decline,0.0779065182300704,4.37682596590259,0.0349188737922323,0.627040286105771,-0.1134253286038797,0.1745809845242511,0.0506209827664407,0.097423925730883,1.6797575630948285,20.82473338573225,1,0,0
FORM,2024,4.204244373461101,Maturity,0.0617964686337249,4.607164338193308,0.0259619704854673,0.6778481577303952,0.1515558692327877,0.1596885276172441,0.03353297592511,0.1539211025682328,1.6494745183219617,20.859731047590056,0,0,1
APPN,2024,4.861066546772848,Maturity,-0.1477915841036985,1.2277255352975005,0.4718141694804996,0.988388055828318,0.1313968861107189,0.2511693262152727,0.0061155579601281,0.0111470903792733,1.7683315915968445,20.246904441468367,0,0,1
TDC,2020,1.531999624719114,Maturity,0.0607058823529411,1.096638655462185,0.2001823985408116,0.864,-0.0331753554502369,0.181917211328976,0.020063839489284,0.1454248366013072,0.929009356066719,21.50853630683816,0,0,1
TDC,2021,2.4936701564730543,Maturity,0.0674002751031636,1.0706679574056148,0.1576763485477178,0.8789546079779917,0.0441176470588235,0.1611893583724569,0.0129091747349008,0.2415232133541992,1.2509528044144955,21.49753206925219,0,0,1
TDC,2022,2.0963256878086893,Maturity,0.0157480314960629,1.0208540218470703,0.2512363996043521,0.8565974707706991,-0.063641105894627,0.1743732590529247,0.0069238377843719,0.2334261838440111,1.130216146515372,21.42735295803925,0,0,1
TDC,2023,2.669901646959021,Maturity,0.0318356867779204,0.8724899598393574,0.2594767752269087,0.941206675224647,0.0211699164345403,0.160392798690671,0.0101441537640149,0.204582651391162,1.3001648625136468,21.350807260942265,0,0,1
TDC,2024,2.067156143488204,Maturity,0.0637405647190383,0.8053763440860215,0.2699530516431925,0.9784735812133072,-0.0452809601745771,0.1622857142857142,0.0140845070422535,0.1731428571428571,1.120750794657267,21.25624426594039,0,0,1
SYNA,2020,1.6045388074529727,Decline,0.0765562572496455,4.414584186808685,0.0676585193057031,0.8595824204150019,-0.093941040619481,0.226778619086888,0.0096233321525563,0.1662793312842042,0.9572556182468248,21.25024036304216,1,0,0
SYNA,2021,7.002897496146081,Early,0.0406060296893332,1.4995551035973052,0.1878929405424824,0.6833647911034025,0.0042731838968438,0.2339504329650642,0.009475480510149,0.2382800836070469,2.0798036631242107,21.5238314147227,0,1,0
SYNA,2022,2.4293145281284256,Early,0.1012802611654113,3.028485110056107,0.3593996011336202,0.6842612440755964,0.2986712451478053,0.2111283554635857,0.01088135474616,0.265965396332701,1.2323603951792723,21.773422905695,0,1,0
SYNA,2023,3.95439740968832,Maturity,0.026912880519243,4.89042675893887,0.3884506395037145,0.4955114727123137,-0.2210725987239179,0.2591690650136521,0.0130964233744351,0.2446313925171574,1.6002755478110269,21.68315231332115,0,0,1
SYNA,2024,4.3186966621496845,Maturity,0.0462070487822823,4.193001443001443,0.3556814159292035,0.3529541608417335,-0.2920079698915209,0.3505315822388993,0.0119646017699115,0.1416510318949343,1.6712282850212845,21.7617742018988,0,0,1
TTMI,2020,1.5665985420141415,Decline,0.0549909809339716,2.410515668492759,0.3833081717049777,0.6521177343164505,-0.2171510291866904,0.0093904875358733,0.0356667808493534,0.1364047874861897,0.9425814977668692,21.786576974611656,1,0,0
TTMI,2024,2.3278758020738644,Maturity,0.016568036540968,1.9859539659899093,0.2856356267282247,0.7188692688068948,-0.0209587318229804,0.0130365206797412,0.0534886453367522,0.0969782863842557,1.2023342031742057,21.968138905017486,0,0,1
PI,2020,7.481745268108814,Early,-0.2456951417444672,6.210415685137535,0.3363035604192355,0.657371611358485,-0.09103221754037,0.3497620984286259,0.0148061806411837,-0.1214845633912311,2.137916238546348,19.151200782393698,0,1,0
PI,2021,11.668113546014022,Early,-0.1959656161772942,7.205081260738529,0.9209538025651508,0.727446846333673,0.3697012013849398,0.3366459431478377,0.0514361231804827,0.0339757098637292,2.5390880918517293,19.56978651040665,0,1,0
PI,2022,13.31316601682103,Maturity,-0.0730556131759245,6.494606905992589,0.832940180764403,0.7750190147217537,0.354824130374232,0.287455391776571,0.0345373809462539,0.0024864235841737,2.661179814158149,19.67269200427164,0,0,1
PI,2023,9.011107317468303,Decline,-0.12230485682779,8.733678756476683,0.8102607335932044,0.8673503058608524,0.1929363847944142,0.2879699810430547,0.0517293668216433,-0.1605715047522428,2.3036952083347684,19.699971576518767,1,0,0
PI,2024,12.65974218494005,Early,0.096260529010983,0.9855696500662788,0.5879896949374336,0.862915135022375,0.1903758547696389,0.2699604192446058,0.0349881409994274,0.3504904571864065,2.614452980241257,20.00803663528492,0,1,0
EVCM,2022,3.609319053528091,Maturity,-0.0367521622216945,1.7185504515564185,0.3477013660625433,0.3813989181902497,0.266469307686187,0.1153805260122497,0.0016120844767447,0.1043937455899836,1.5280801353668192,21.18808605612824,0,0,1
EVCM,2023,4.31310849089269,Maturity,-0.0293395828402671,1.5347856461286804,0.3597318690121102,0.4343499500931252,0.0879957341650208,0.1119595361942878,0.0020005744158349,0.1548856995212987,1.6701770671535452,21.140701676427657,0,0,1
NATL,2024,1.83921473562538,Maturity,0.016116178163464,1.037602820211516,0.5486311239193083,0.764544408040379,0.0300644237652111,0.0152883947185545,0.0156700288184438,0.07968496641186,1.0435275123991568,22.43742406033103,0,0,1
CSGS,2020,1.84802350909897,Maturity,0.0449027353414683,1.6626668095187076,0.3251351351351351,0.7575691292260509,-0.0062970877097942,0.1240211078278058,0.0220698198198198,0.1746736353054365,1.0466252481150178,21.00994740981536,0,0,1
CSGS,2021,1.8841020593060973,Maturity,0.0532012037589701,1.0763873503457049,0.1494338387584895,0.7697165547014894,0.0564887792733811,0.128707762256005,0.0191486278691041,0.1339940199926038,1.0592136069054685,21.050516399329734,0,0,1
CSGS,2022,1.9205097011619967,Maturity,0.032211110713082,1.4528488701824134,0.3178784964328432,0.7966891130686018,0.0413430840516891,0.1265544821207027,0.0274301417890138,0.0583591496046807,1.07175815623967,21.02229800344244,0,0,1
CSGS,2023,1.950754493472972,Maturity,0.0474609712927967,1.5373941758374998,0.3945522180166121,0.8376976779258053,0.0729578839956247,0.1224716871725487,0.0193874623539374,0.1128031623474032,1.0820608981499,21.09002199495491,0,0,1
CSGS,2024,2.039556250976632,Maturity,0.0590080690062583,1.464351139206351,0.3705083071953045,0.8134215976788656,0.0239382582800374,0.1321313545731544,0.0149404905886437,0.1133574664564067,1.111711534689986,21.12918884087095,0,0,1
AVDX,2022,5.216346685663131,Decline,-0.0452332459266342,1.29936304816782,0.036423664418923,0.1412813213231184,0.2735045831672765,0.2652283862810178,0.0001808321534035,-0.0907254623044096,1.8271823846219133,21.51716111273868,1,0,0
AVDX,2023,5.506550259666928,Decline,-0.0201565974896783,1.254592689476088,0.0294052872747799,0.1621557273379896,0.2034771613718982,0.2562381802899769,0.0002717679045728,0.0221974154234082,1.8728094017367596,21.63303011819809,1,0,0
EXTR,2023,1.8739224698837849,Maturity,0.070648266663409,1.0011416140024083,0.1921999251997228,1.1876245635609537,0.1799237809948747,0.1632590551745051,0.0120871642198917,0.1898824644520874,1.055677810912931,20.85579034871149,0,0,1
EXTR,2024,2.2297144855698425,Maturity,-0.0787107637637853,0.902119059947294,0.2107541382359768,1.0229386883950518,-0.1487678806266734,0.1896978436327149,0.0173806870171898,0.0496651011499253,1.1723937387671155,20.764977676397205,0,0,1
NTCT,2020,2.949275065289409,Maturity,-0.0008619047939463,1.6535036604285245,0.1668506647806459,0.2791081820396754,-0.0198897043469851,0.2111345338745486,0.0063842271582498,0.2523188535803189,1.3735320342949144,21.86126004404277,0,0,1
NTCT,2021,3.214227347790678,Decline,0.0062370065720297,1.756664032581606,0.1333101893720596,0.2679160447090753,-0.0678814110470722,0.2155261391441171,0.0038852033589213,0.257338664857413,1.438466264517765,21.84982981221817,1,0,0
NTCT,2022,3.020736370217747,Maturity,0.011425301051141,1.936195816532258,0.1264362419237558,0.2724870922347668,0.0292235366578369,0.2000187008736814,0.0032397316938725,0.3459813575665488,1.3914650625272131,21.884761841128704,0,0,1
NTCT,2023,1.8045702230116083,Decline,0.0198321970305899,1.3610019245734744,0.0527622174319993,0.3040695270652069,0.0689068754930894,0.1926377483516123,0.0037180559888816,0.1712901709074606,1.0312503090578755,21.76020128409655,1,0,0
NTCT,2024,1.6781172175451808,Decline,-0.0545560429715528,1.7021630952561746,0.0532119190753137,0.3063058105985713,-0.0930259258854274,0.1943601521480972,0.0024417196919664,0.0709031834156162,0.9851140168656638,21.676968724827542,1,0,0
ADEA,2021,2.43354829368988,Maturity,-0.0214484148547396,2.737719173425667,0.3174263225185849,0.3394555768315195,-0.0160579359207192,0.264552874799475,0.0056477229757467,0.2675060613241942,1.2335942144201544,21.62749289483408,0,0,1
ADEA,2023,5.717752959348047,Maturity,0.058177560207281,2.017307277680864,0.478745536182699,0.3357290458627976,-0.114242948240392,0.1395722090187968,0.0034480388148587,0.3929005010442709,1.904753717567852,20.823614213695183,0,0,1
NABL,2022,6.738031086652325,Maturity,0.0156538408924385,2.493868702882842,0.3398022166051664,0.3483337986916248,0.0730626688526104,0.1707619516420142,0.0118959231853711,0.1920897116220018,2.046147273671689,20.79916798524594,0,0,1
NABL,2023,6.650643398689489,Maturity,0.020888203678722,2.750847436885837,0.3135326984814984,0.3764016473594427,0.1347906899176639,0.1853133592490755,0.0118507969187928,0.2135417654309282,2.0347897487057223,20.87408898754096,0,0,1
NABL,2024,5.213819839064076,Maturity,0.024750183679653,1.225352769523911,0.2686453343810009,0.3726734243723512,0.1049279415947662,0.1946038481423242,0.0131232321542342,0.1704119086897481,1.8267758178025817,21.015074633497285,0,0,1
PLAB,2020,0.9160520726851384,Maturity,0.0293214070980866,3.4989680912836945,0.0502347283496972,0.5285924900957888,0.1072004503686485,0.0281191620017353,0.0595994553023021,0.2346204880833077,0.6502668569899739,20.89569024564797,0,0,1
PLAB,2021,1.366247876893342,Maturity,0.0446739908088353,3.125871426300611,0.0752587308627246,0.5347770530264455,0.0886842679324444,0.0278564121724536,0.0842982780122423,0.2271480246655046,0.861305526295707,20.981160126715128,0,0,1
PLAB,2022,1.045137857938397,Maturity,0.0910226388028959,3.3264292016904284,0.0260200785815796,0.6318305675945736,0.2422377934226325,0.0222436750271966,0.0853742504730854,0.3337424458704091,0.7154651994174804,20.99773348293384,0,0,1
VYX,2020,1.4339856014555925,Maturity,-0.0090799379346014,1.1867816091954022,0.4282148799619681,0.71340727544394,-0.1023861171366594,0.0376993716771387,0.003684335631091,0.1032705010472047,0.8895300789585173,22.85316282223359,0,0,1
VYX,2021,1.6130505867205438,Early,0.0096733981550735,1.0242165242165242,0.5111244738424534,0.7136374968835701,0.1528918962461736,0.0374510899944102,0.0091057469289579,0.1505030743432085,0.9605183459838944,23.17779918629842,0,1,0
VYX,2022,1.5922160044385931,Early,0.0051840331778123,1.1360117950608182,0.5229860085165552,0.6777259374459996,0.0961430967020681,0.0276644569097399,0.0079951333970626,0.0569862315145334,0.9525131100636096,23.166221382874635,0,1,0
VYX,2024,1.7641751077904064,Decline,0.2029231095106969,1.1767605633802818,0.3057053009883199,0.5986019911035797,-0.2621409921671018,0.0555555555555555,0.0067385444743935,-0.0467091295116772,1.0167422569343076,22.216619270584328,1,0,0
FLYW,2022,6.791011252007754,Maturity,-0.0598828732577853,2.542041787946479,0.0386630618712803,0.4404047690795141,0.4386101844901043,0.1736742980561555,0.0104851494986556,0.0187542116630669,2.052970665579196,20.329166395749453,0,0,1
HLIT,2024,2.2389750678096227,Maturity,0.0501267964967355,2.184628421724782,0.1592090957255814,0.8675360066261395,0.1164898578236473,0.1782393969843323,0.0115328698088903,0.0912258627243554,1.175256942663309,20.49574522149817,0,0,1
VRNT,2020,3.300016129728569,Maturity,-0.0023716116744518,1.0982458040344187,0.1479985711197545,0.4156782231743045,0.0357455639249374,0.1885593602914332,0.0085487513395752,0.1992973255188603,1.4586187737921483,21.90539019301683,0,0,1
VRNT,2023,2.557405969873283,Maturity,0.0063738767742827,1.3154753943840476,0.1943515757470713,0.3860114411473149,0.0317160829676995,0.1447988074192708,0.0120807347507197,0.1549645606237773,1.269031619114149,21.562071022587684,0,0,1
VRNT,2024,2.626682796779253,Maturity,0.0170087169123518,1.370668936870323,0.19900297517454,0.4010493334287807,0.0090241564098443,0.1469748579450277,0.0072376151173361,0.1654702890089599,1.2883184003911343,21.523662548301104,0,0,1
ROG,2020,3.4813409508188617,Maturity,0.0394058614543829,4.252347344160561,0.0215339338056415,0.6326560212771156,-0.106513704272705,0.0365320471527555,0.0319500318432284,0.2056559882280088,1.4999223210189954,20.95755108915059,0,0,1
ROG,2021,5.428783415922042,Early,0.0755495671548408,3.562479795546176,0.1282180404187252,0.6517819121342318,0.1623545477539394,0.032055363677877,0.0444930018529106,0.1333099649903632,1.860785315981412,21.19237281494554,0,1,0
ROG,2022,2.4302167488579625,Maturity,0.0718871541367981,4.629443583069659,0.1370957846306738,0.598605144262477,0.0410393124133066,0.0362521121409103,0.0709433888911162,0.1333040216398553,1.2326234512681822,21.221743943508564,0,0,1
ROG,2023,2.8267310499882496,Maturity,0.0357841243669023,4.526632302405498,0.0299235433693646,0.5743162292384114,-0.0646343434884278,0.0392998678996037,0.0375692064329027,0.1446499339498018,1.3420109269915947,21.140132368438127,0,0,1
ROG,2024,2.178796963426898,Maturity,0.0174098655905012,3.9991902834008095,0.0341637971777732,0.5537137711369776,-0.0861955085865257,0.0416817250933622,0.0378772533927486,0.1531140826406457,1.1565028118257543,21.11605089257237,0,0,1
SONO,2020,1.644063993843915,Maturity,-0.0254998554818033,1.6802844675139623,0.0922466855625444,1.6813906200084177,0.0519541601001885,0.1618543829279032,0.0404815385312927,0.1221311772050352,0.9723171251170843,20.519987412200752,0,0,1
SONO,2021,1.7383667423457598,Early,0.1622575587447662,2.0110348014197803,0.0517016097590103,1.7563901158909483,0.2943585598735758,0.1340199820124608,0.0049639797541982,0.147503646437675,1.0073616632381486,20.853244426709367,0,1,0
PENG,2021,0.7177129496503227,Early,0.0199961903081815,1.6286763572331526,0.2772929465986713,1.4085932009199562,4.053839679493654,0.0328243430668118,0.0353807783771243,0.1021555589011565,0.5409937255800426,21.019509653591182,0,1,0
PENG,2022,0.7435299165015287,Early,0.0456360294042021,2.234288319044109,0.4218295183911087,1.2474721121534031,0.2119786136155007,0.042518435135147,0.024269368168217,0.057674930414785,0.5559117458630581,21.175655243228995,0,1,0
PENG,2023,1.722602528314847,Early,-0.1218483818504221,2.128802346041056,0.5453186609453916,0.9364780368691322,-0.2078223455384114,0.0628378143972246,0.0261766928426954,0.0724281006071118,1.0015882347356513,21.13269507815304,0,1,0
PENG,2024,2.7679080342759685,Decline,-0.0352106249228308,2.648701449346146,0.4868674661208567,0.7856467986192753,-0.1876523850823937,0.0696423629735667,0.0131732254734806,0.0659252337725786,1.3265199493769737,21.11158885606551,1,0,0
COMM,2020,2.529396748815295,Maturity,-0.040944859399323,1.7172622094809051,0.7076557067939426,0.6023835706430928,0.0108806365412038,0.0833698834741995,0.0089269931058865,0.0517075830676039,1.261126963654501,23.331628290734987,0,0,1
COMM,2021,2.4213043609719147,Maturity,-0.0344756915073985,1.6401832760595647,0.7254647611146725,0.6399317342554675,0.0178759824085159,0.0795649085213178,0.0099098759380067,0.0142429571313775,1.2300218704600865,23.30798011367796,0,0,1
COMM,2022,2.1814534333965563,Maturity,-0.1031794074139403,1.7680664294187425,0.820947507145669,0.7398786926385754,0.074696914996448,0.0712389332582004,0.0086689373063823,0.020589287068844,1.1573381469016992,23.181606036358176,0,0,1
COMM,2023,3.22374248400228,Decline,-0.137804941754166,2.031148006243792,1.0015578484618914,0.5498520703034102,-0.3726552594791994,0.0794064810336488,0.005687213905398,0.0500760035928971,1.44072157958394,22.960981687560643,1,0,0
COMM,2024,4.541672918047108,Maturity,-0.0348245526893826,2.8336179555989265,1.0688882537867963,0.4642317074516816,-0.273509293166586,0.0751818916734033,0.0028922549299799,0.0649341385705454,1.712296425941823,22.89203378232044,0,0,1
BBAI,2022,3.1306488257182514,Decline,-0.4205589063823168,1.5194351230425056,1.0213048108628422,0.535786253737276,0.0647968786492464,0.0541445445807071,0.0039373707170213,-0.3155776041700266,1.4184344952920978,19.09008836274969,1,0,0
RBBN,2021,1.7455245277729348,Maturity,-0.1224075147443767,1.3963878961716112,0.3034071187479456,0.5837350026010345,0.0013771117392257,0.2307194330599072,0.0127116789106479,0.0227017469528035,1.0099721415060026,21.02169272728571,0,0,1
RBBN,2022,1.2281122310224228,Early,-0.0753527924738629,1.446281766936062,0.2807128907805575,0.6297850306207389,-0.0298204524017198,0.2484580852932565,0.0081668477273958,-0.0321606323802088,0.8011546937866766,20.95085071176604,0,1,0
RBBN,2023,1.097476875581299,Maturity,-0.0551781730929105,1.2276492129250922,0.2064348037369128,0.688697042192892,0.0080255196642919,0.2307285508731888,0.0081990782701264,0.0206779542052353,0.7407351345457928,20.857930463094203,0,0,1
RBBN,2024,1.3717634518346409,Early,-0.0470237442379981,1.4098512191636283,0.3166321736452672,0.7230055659431388,0.00912700477649,0.2157873845308863,0.019273083228822,0.0602484047483993,0.8636337509664025,20.873885146820022,0,1,0
ICHR,2021,1.517697744988181,Early,0.0789939879045017,2.2216242684934926,0.3013167123137384,1.222158961765925,0.199818208865107,0.0143046374520588,0.0204128611114376,0.0139226577762948,0.9233448906840004,20.74392692017364,0,1,0
ICHR,2022,1.0217706773447115,Early,0.0691850017437843,3.0876891251533447,0.2999293189707513,1.2164383275254702,0.1669697889630665,0.0152835511210723,0.0271586779879343,0.0245713317016504,0.703973700390344,20.803685705178268,0,1,0
ICHR,2023,1.644109382349635,Maturity,-0.0425126210116292,4.05574867120713,0.2870276542625796,0.8022062848657147,-0.3663466578754739,0.0249321925239175,0.0165117887309386,0.0710523720287996,0.9723342911600608,20.65977316977953,0,0,1
ICHR,2024,1.5063257903974354,Early,-0.0215300057651192,3.336183386157588,0.1559035883177776,0.8779940487424026,0.0467501726008482,0.0271106190521059,0.0177145818852429,0.0328370865919155,0.918817852173086,20.71881996970837,0,1,0
AAOI,2020,0.7551602573771196,Early,-0.1233646043286936,2.0278531818358085,0.045403022015162,0.4951784979369585,0.2292164382413345,0.1849477672691935,0.0328511558740029,-0.1875732558189095,0.5625601674936892,19.990972342545486,0,1,0
AAOI,2021,0.6170021997068651,Early,-0.1158218428165737,1.7812439769817452,0.026820901335434,0.4524177130735279,-0.0982768100314121,0.1948337390400113,0.0175615402049469,-0.0550374589369697,0.480573940956979,19.934618260692247,0,1,0
AAOI,2022,0.1735540373550966,Early,-0.1539244391588484,1.3217012310401062,0.15328109576425,0.5165464657212868,0.0531893271571384,0.1626619034368857,0.0078625787788753,-0.0629302839088404,0.1600367832718538,19.827422134990577,0,1,0
AAOI,2023,2.8739968682915515,Early,-0.1405682369656241,1.848850660896763,0.0717471851505449,0.5458555970350455,-0.0232117692466497,0.1652913446605956,0.0233281772725637,-0.0364307177710594,1.3542867565930348,19.77956793897559,0,1,0
AAOI,2024,6.198115785361375,Early,-0.3989092284062045,1.771445707330554,0.0244117345968791,0.5327071259044368,0.145736654935078,0.2203797646020893,0.079348191696281,-0.2788121829446794,1.9738192952959244,20.120017861417267,0,1,0
CTLP,2021,3.0673531604779707,Early,-0.0415815808643523,1.9989797938269915,0.0727431081490457,0.7974253334766357,0.0232052122854008,0.0233618267750495,0.0077333467972668,0.0489819634716872,1.4029924587779037,19.286402134058864,0,1,0
AOSL,2020,1.4417256333002415,Early,-0.0086090947594289,1.6574836768059649,0.2019613110214026,0.6067989138131202,0.0310232413731925,0.1102409288699508,0.0219058464774717,0.1340369835817332,0.8927050161005065,20.4912568548246,0,1,0
AOSL,2021,2.200314880456804,Maturity,0.0679118814241442,1.7464391373322472,0.1812158641719275,0.7676276882662815,0.4129689896302287,0.0958331684178157,0.0219949857006465,0.195986615964025,1.1632492051074557,20.63833193795876,0,0,1
AOSL,2022,0.8170941942384583,Early,0.4087701526518558,2.05284586249916,0.0684776021481115,0.7013812904733082,0.1836651433547165,0.0916453176121982,0.1062766964236899,0.281479566639916,0.5972386285978553,20.98457493030123,0,1,0
AOSL,2023,0.8018099310308707,Maturity,0.0098976691165345,2.456731242864842,0.0586278492702984,0.5534185143409732,-0.1109006214375373,0.1275037211367801,0.0920435062017758,0.0296143180953565,0.588791676947658,20.90536820388669,0,0,1
AOSL,2024,1.702811931115512,Maturity,-0.0094517539183281,2.5805177880220187,0.0514037831884878,0.5606346092333937,-0.0492491910414988,0.1368379093041866,0.0323908986186183,0.0391161068291154,0.994292687039962,20.858681828473305,0,0,1
LYTS,2020,3.7055656820542935,Decline,0.0513816312810857,2.477935871165113,0.2819061551232708,0.3399908400136061,-0.2214371580677608,0.0567197100992594,0.0159001062329113,0.4681266740192217,1.548745995789957,18.964532942513387,1,0,0
LYTS,2021,2.453638401386731,Early,0.0255639490812138,1.763283729459059,0.2756701915131737,0.4226459645729322,0.5285174097999055,0.0381384322012059,0.0077853434720609,0.2887079317631294,1.239428284431367,19.474368889252972,0,1,0
LYTS,2022,3.5244896832163737,Early,0.0502825718639038,2.1297408132086093,0.2708788736016458,0.4263883151224032,0.3139102200690615,0.0282421608391059,0.0068213964253568,-0.0303054075892962,1.5095047936023125,19.555560675005623,0,1,0
LYTS,2023,0.975431725535944,Maturity,0.0848510199611678,1.9575768658081032,0.1269057130025764,1.6368750504340208,2.898822458793903,0.0068413353481736,0.0108323850494176,0.0997788638956575,0.6807869696727069,19.506373267391,0,0,1
LYTS,2024,1.3831301888692498,Early,0.077454186300002,2.051573724544548,0.1775372706422018,1.456357014275547,-0.0550143969865929,0.0074525485586771,0.015447247706422,0.0923945677308906,0.8684148289655844,19.67000925286607,0,1,0
BIGC,2023,4.250894065780108,Decline,-0.1408779301916755,4.833724381625442,0.7831657125870944,0.6739773056504965,0.1086410463137149,0.269753130312805,0.0003783289570281,-0.0783563999301861,1.6583983603482626,19.911465744747648,1,0,0
CLFD,2024,2.694726944993929,Maturity,-0.0371292442366635,9.428178383705651,0.0472064071049084,0.4970393206836098,-0.3796330753200357,0.017995860951981,0.030344936959797,0.1333073393119582,1.3069066531563904,19.568955834978045,0,0,1
OUST,2024,4.543923719914333,Decline,-0.3198103119011486,2.803305026394308,0.2065160710923128,0.3661316447269773,0.3340818213475185,0.5228035751253364,0.0136014021466749,-0.3032735978974086,1.7127025027587346,19.436447515465787,1,0,0
CCSI,2024,4.963208776644866,Maturity,0.143158302493245,0.9396552811085472,0.9732597587848576,0.5608552842196924,-0.0335942542241051,0.0219274962754936,0.0555296321327928,0.3474693334703266,1.7856087215429657,20.216101836248985,0,0,1
LASR,2020,5.4875887745429495,Maturity,-0.0784543018309252,4.84914053622803,0.0373355332741041,0.835025580480126,0.2614101540604351,0.1847667523980088,0.082554187643666,0.0585352059572061,1.869890932335639,19.46323049220948,0,0,1
LASR,2021,3.293205904137998,Early,-0.0902805882585635,6.056191558157826,0.0396849188208276,0.8220344398428633,0.2125643546135581,0.2029050957630318,0.0517025410981269,-0.0275517683030657,1.4570337508544178,19.7387444457064,0,1,0
LSAK,2023,0.8353646207721793,Maturity,-0.0585152306600189,1.6056597849124734,0.2445309589586783,0.8808332339282899,1.37174148394719,0.0009470217114197,0.0297952544473419,0.0007765578033641,0.6072431651857054,20.11120820239504,0,0,1
SKYT,2022,1.9492368840779108,Early,-0.1390784773132032,0.8818130920315952,0.2979356627987598,0.7479986370709671,0.3076058655924543,0.0442892632231463,0.0557717716932012,-0.0671406633762403,1.0815464535239958,19.538324123797103,0,1,0
SKYT,2023,1.5127197393783085,Maturity,-0.098811283171625,1.0151043364286358,0.1859948982813269,0.9210370751140524,0.3462978007992824,0.0354713585087309,0.0272070615868365,0.0351643981833529,0.9213657280199544,19.573642322526705,0,0,1
RXT,2021,3.0412765147592653,Maturity,-0.0343603667414315,1.181633627895868,0.5412960007584496,0.473694565773423,0.1117062539248642,0.009403555407875,0.0171283201921405,0.1232098355208506,1.396560611065185,22.56836068092092,0,0,1
RXT,2022,2.2652954556432,Maturity,-0.136575763232474,1.2530064214827787,0.619458647167702,0.5298589780575967,0.0374813091875726,0.0078467796175895,0.0147341799989004,0.0790122665983409,1.1833502504085949,22.42011004856144,0,0,1
RXT,2023,2.132262182457036,Maturity,-0.1754022338766238,0.9232020012507818,0.7114398711000439,0.6190999591747008,-0.0529097139928898,0.0147779919515741,0.0236560714808847,0.1267796151635047,1.141755485498891,22.133325551860693,0,0,1
RXT,2024,2.188092461543369,Maturity,-0.2400458722011663,0.8072006261414036,0.9279984283422285,0.7655902549543376,-0.0743972134861857,0.0165868985422527,0.0363773288366458,0.0145774725073983,1.1594227635009184,21.83975078747658,0,0,1
KLTR,2022,1.883144762291145,Decline,-0.2278265185035955,1.118357705512016,0.2767176818914094,0.8607347388023949,0.0615455470984631,0.2991345648847989,0.0141888361562241,-0.0473991277144749,1.0588816297755288,19.02901050812098,1,0,0
XPER,2023,0.7895594274933183,Early,-0.1937022968410814,1.9194062212316487,0.1196463960453361,0.739194609746864,0.0379763469119579,0.4274284815492563,0.0189241948532959,0.0001189256791231,0.5819694596657297,20.32819898064697,0,1,0
XPER,2024,0.7384987251077562,Decline,-0.0208857197171601,1.644853762361815,0.1461722774649574,0.7360814674275661,-0.0530293439522455,0.3875970248416003,0.0075521145321672,-0.1120950883959099,0.5530219391366382,20.319439387004294,1,0,0
APPS,2024,1.6908932806891606,Maturity,-0.3941923815813171,1.0267642273667084,0.4497042308847656,0.5107481089031638,-0.1823612445939452,0.0994651797488254,0.0006308200660859,0.0526684077710557,0.9898732130948152,20.57886414872804,0,0,1
VPG,2020,1.1906824795596789,Maturity,0.0279347403858604,4.666666666666667,0.1496191715581743,0.6987232940567137,-0.0498172264912416,0.0466991831349235,0.0063724380236235,0.130880020162187,0.7842131297826004,19.81168151502972,0,0,1
VPG,2021,1.4557330707383551,Early,0.046820008891194,3.635312867487776,0.1858758273091587,0.7361144555995999,0.1782982224660133,0.0541018309695236,0.006642288515206,0.1054891340247044,0.898425319825515,19.95083516260378,0,1,0
VPG,2022,1.4542067646310723,Maturity,0.0768416981753213,3.913920666500871,0.1695718019389942,0.7725719691763856,0.1404791786587149,0.054608638093662,0.003630894697761,0.0910943791714931,0.8978035989052495,19.982486024118412,0,0,1
VPG,2023,1.145912596801242,Maturity,0.0542165625514073,3.944274957808646,0.1155320782244691,0.7488031314720534,-0.020773346571791,0.0574570198959014,0.0049134161495951,0.1292585791216962,0.7635649149546841,19.971569631153358,0,0,1
ASUR,2020,2.1049358502637414,Early,-0.0383577493306618,1.0234498875788165,0.0341292491797998,0.1540494810498232,-0.104483937115516,0.0909673775321721,0.0016627119860774,-0.0260582838475277,1.1329930550315166,20.06049848266057,0,1,0
ASUR,2021,2.6528321261693333,Maturity,-0.0309323651199414,1.0344115008312675,0.0887194337807329,0.2049071398253666,0.4628665638786695,0.0641461785699378,0.0055202568181601,0.1426931585757816,1.2955027916981412,19.85554620000968,0,0,1
TBCH,2024,0.9580047748817712,Early,0.0721122568110723,1.5231499450158483,0.1805755853055433,1.6610639264929996,0.444146566352345,0.0464205426460567,0.0164424264122786,0.0154547356786831,0.671925982757935,19.51548914366628,0,1,0
EGHT,2020,7.185068124133001,Early,-0.2764525071792359,2.245590439538181,0.5480538535426844,0.7156974464293877,0.2656117940020307,0.1743244060891409,0.0511445947353923,-0.2104375029412621,2.102311533834644,20.367506189710102,0,1,0
EGHT,2021,4.450210546171898,Early,-0.2401435771001776,2.2782794246074247,0.5761878159045649,0.7720445234037925,0.1929624840611603,0.1728844506559668,0.0094780582215153,-0.0264227642276422,1.6956542402540626,20.33526091033744,0,1,0
EGHT,2022,1.8363960005670563,Early,-0.2207912621634227,1.4390764748573308,0.5734245299186613,0.8033476911921051,0.1987173707226905,0.1761192860388949,0.0045448153730549,0.0543462930750787,1.0425342324083011,20.629249620710024,0,1,0
AEYE,2020,9.78068204773409,Early,-0.5223627331918498,1.6229617304492512,0.0827215952667908,1.4941851022776087,0.901970181009039,0.06007326007326,0.003067820751616,-0.0930891330891331,2.377755833213552,16.71989484684147,0,1,0
AEYE,2021,2.5036867679623693,Early,-0.5974309920743373,2.213890870185449,0.0522976153924879,1.0302520655075995,0.1967277167277167,0.2164632902093621,0.0027973936478695,-0.2032404195404644,1.2538157763735758,17.193541695709147,0,1,0
AEYE,2022,1.4627897004801391,Decline,-0.3882696637576524,1.1721207738202857,0.1104060913705583,1.1132282614763402,0.2207892911072113,0.2034232607896232,0.0029474373669559,-0.1671179754621736,0.9012947320095236,17.01124061426179,1,0,0
AEYE,2023,1.5620598455379255,Early,-0.2352422731005748,1.281637609506462,0.280211806236517,1.2545720409430523,0.0469026844515762,0.2231766509132711,0.0067071974897038,0.010154553582833,0.9408115621158278,17.05399295169477,0,1,0
AEYE,2024,6.782123238385894,Early,-0.1539602974973308,1.0474462017111743,0.2364442652690989,1.2739906986844247,0.1240579895261208,0.1442288571347404,0.0043002082913391,0.0775830232095679,2.051829210775428,17.20887739410662,0,1,0
MRAM,2020,2.113741927600989,Early,-0.2507179570256697,2.7544202403047766,0.1429801100556426,1.2380082767558651,0.1207370077060501,0.2592372296638195,0.009837375879984,-0.0695439080678546,1.1358251950902063,17.297642587864228,0,1,0
MRAM,2021,3.615053258581443,Maturity,0.1207915559943818,3.55822282450876,0.0405535804977145,1.5337718505333129,0.3120315957269634,0.2289921299822289,0.026155408836973,0.1697131251586697,1.5293234082092326,17.488768656568855,0,0,1
MRAM,2022,1.500548517940398,Maturity,0.1294225713471223,4.1146666666666665,0.0276326965825095,1.266668778309208,0.0877488847785877,0.1851796282403934,0.0503858456978656,0.1582562307243477,0.91651011498408,17.828880051610575,0,0,1
MRAM,2024,1.9220018698232888,Early,0.0107655832161662,6.475791809562235,0.022933833832547,0.6947591872742811,-0.2095663765388536,0.2715368437760406,0.0391957731812981,0.1408475854132772,1.0722689532404484,18.16951060383285,0,1,0
SNCR,2023,1.705227996812081,Decline,-0.0915939803136323,1.7192276243788918,0.513158276325414,0.4635627158887027,-0.3500482923508083,0.2835939974177203,0.0041954391516319,0.1146739262832225,0.9951861959228504,19.553169364978157,1,0,0
MX,2024,0.1888668394744528,Early,-0.1358027624164329,4.738242413763292,0.0765430406310306,0.5794823001049003,0.0073288096987189,0.2209142260407272,0.0305813622415084,-0.0264653464919283,0.1730006177232159,19.753880191374403,0,1,0
LTRX,2020,1.9387322606129205,Early,-0.1837487272945062,2.188471050795865,0.1019975564158803,1.0246327335575007,0.2769886969503092,0.1618457530311633,0.0084200609423991,-0.0421022746250709,1.0779782844823096,18.03403249802179,0,1,0
LTRX,2021,2.7828716702074057,Maturity,-0.0575662460231033,1.8873775367389785,0.0540611305570101,1.017473433974619,0.1937105447743745,0.1554765868740993,0.0107901772179808,0.0602151741119521,1.3304834223177455,18.1000070643205,0,0,1
LTRX,2022,1.0950420080413528,Early,-0.051081261312756,2.534641479688072,0.1187852140870907,1.2351624273601982,0.8139401485792632,0.136415872893448,0.0154177646425087,-0.0726235008291234,0.7395736047441225,18.738217698596102,0,1,0
LTRX,2023,1.745629481940178,Early,-0.0621457587941785,2.0813788048633266,0.1309291405054608,0.9078886359075148,0.0118313987119663,0.1495933348070341,0.0176291352292513,0.0018065539031473,1.0100103681399926,18.836914336583536,0,1,0
LTRX,2024,0.8475274354188205,Maturity,-0.0313794157703104,2.9496617588539595,0.1391768471749089,1.1140317963256343,0.2221070364131139,0.1265039575367842,0.0108583930459297,0.116156355448552,0.6138482237536781,18.72969369444769,0,0,1
DHX,2020,0.9544734740077208,Maturity,-0.1155961394779206,0.5121205169381357,0.1381277828264595,0.5271553682978117,-0.0836312512552721,0.1203261298382501,0.0668251814413225,0.1364938120077733,0.6701208344052428,19.3002535522409,0,0,1
DHX,2024,1.0721508110658784,Maturity,0.0011330734280845,0.4728365729593545,0.1851868582605671,0.6356228432977363,-0.0655262776702353,0.1330482082211856,0.0629350727963464,0.1482814988092386,0.7285871070119726,19.215350589533696,0,0,1
UPLD,2020,6.965942060321986,Early,-0.0536873286206636,2.615219897875144,0.5209786198848915,0.3058392660981275,0.3105548493736441,0.1336701190631233,0.001101639603647,0.1220791149435529,2.0751752113614206,20.734423360631197,0,1,0
UPLD,2021,4.734227813528896,Maturity,-0.0570642384401343,1.681055201861369,0.5072229829340326,0.2960611735850961,0.03508832057249,0.1413600603941513,0.0010835689164408,0.1381979762661581,1.7464530969699794,20.75186009746809,0,0,1
UPLD,2022,3.172519626021668,Early,-0.0638637906039115,2.124812348307993,0.4641338387852629,0.2962035336850153,0.0506165236278872,0.1455611828441584,0.0007777565226918,0.0944806698959669,1.428520080202867,20.83073722404669,0,1,0
UPLD,2023,2.983929869087982,Maturity,-0.1813718595016947,2.298047410196943,0.5460757404393441,0.3003322942520808,-0.0613010277242887,0.1657702483112418,0.0014022601675356,0.1676772356740931,1.382268736426848,20.584031356588703,0,0,1
UPLD,2024,3.0396761351326744,Maturity,-0.1610979560514624,0.9831589436970604,0.543380633854684,0.3926902009651701,-0.0774142862898352,0.1723654810512602,0.0016656531739946,0.0882078939132586,1.3961645241885876,20.08748527266189,0,0,1
QMCO,2024,10.35581292134192,Early,-0.205775633485516,0.527254104919502,0.4660341657116968,1.553061265176738,-0.2450672558824669,0.1220988446726572,0.0312821469498707,-0.0325930680359435,2.4297297644825933,19.04990255402612,0,1,0
ASYS,2021,1.2772429279917634,Early,0.0137709978037632,5.3521742008074655,0.1084652690462138,0.7780887717968504,0.3015749354597253,0.0701719382665336,0.0257627466577711,-0.0699724194589519,0.8229654691342884,18.57694063497183,0,1,0
OSS,2020,0.8814209489852792,Early,-0.0001658666296947,3.08215932904117,0.0522585904389566,1.315359581947151,-0.1099785434315647,0.0832397476245866,0.0209650379185255,-0.0048207174017082,0.6320273152791374,17.48236840667008,0,1,0
OSS,2022,0.7606493674058415,Decline,-0.0412959991389005,4.131405851517766,0.0143093965888607,1.3416949338432742,0.1684234694582165,0.0654996672597008,0.0094014376513217,-0.1077862472728171,0.5656826997548363,17.84735136306726,1,0,0
OSS,2023,0.5970013827005718,Decline,-0.1283792733577562,6.175481124222896,0.0450595798436536,1.1640383677668351,-0.1591319244347091,0.0711207192062991,0.0170256272514458,-0.0072200677483907,0.468127735043754,17.692230747646033,1,0,0
NTWK,2023,0.1647751325965205,Maturity,-0.0800645298599088,2.003148840250921,0.0141324312801379,0.7999694353779255,-0.084802364813612,0.030569091818473,0.0280824694871017,0.0383555580622414,0.1525280491566003,17.88247383426775,0,0,1
NTWK,2024,0.1887699227163864,Early,0.0111592746077431,1.988455190624824,0.0108813166493945,1.0017976458891666,0.1717756010964397,0.0228462352547129,0.0080297954511951,0.0473895018577904,0.1729190941198958,17.97730257813674,0,1,0
KTCC,2024,0.6777980193251788,Maturity,-0.0072051343368471,2.7683823529411766,0.3565400190801563,1.4656954686762795,-0.0360342438385744,0.0146981525447047,0.0111385337547102,0.0242987818859777,0.5174822309103347,19.688594080968915,0,0,1
LEDS,2020,2.98246539535187,Decline,-0.0414602545537687,0.834166944537068,0.2067901234567901,0.462464751162259,0.0281260589630633,0.2534607778510218,0.0185871056241426,-0.1649637442320369,1.3819010735871329,16.495161353131888,1,0,0
LEDS,2021,4.843466605623186,Decline,-0.1737408208659618,1.0575365520143052,0.2251219913372443,0.2885523629604802,-0.2196769940672379,0.342766631467793,0.0064696529414989,-0.3668426610348468,1.7653242175844972,16.7190727713737,1,0,0
LEDS,2022,1.2907717233281537,Early,-0.1600326597264748,0.9878984332793084,0.205618537436153,0.4112209488816959,0.4891235480464625,0.2104666004822011,0.0174411361654416,-0.213870372996738,0.8288887578819142,16.59146865996343,0,1,0
LEDS,2023,1.2885067420273766,Decline,-0.1823172591412789,0.7827252112966399,0.1901895206243032,0.4052323020095564,-0.1520351723159835,0.2262920220772704,0.0148643626904496,-0.1645760160561966,0.8278995271537032,16.414861416464955,1,0,0
LEDS,2024,1.6531444643435276,Decline,-0.1655755702842272,0.8490458558815153,0.1676243490752379,0.4215020534298377,-0.1331326308747282,0.2238086050549874,0.0110432752738373,-0.0704225352112676,0.9757455268745612,16.22587333291447,1,0,0
HTCR,2022,1.248465797990769,Early,-0.628120045239924,2.339872626342184,0.2920264696355128,0.8295000726892154,-0.1851882104287414,0.0726924835501397,0.0047016176840337,-0.5452910942593094,0.8102481160792554,16.311900109493095,0,1,0
HTCR,2023,0.5656000749436318,Early,-0.2638274145604128,0.8438680161651095,0.2059466462275056,1.3755799908413593,1.4773255924716655,0.0466515119819205,0.0268174810677277,-0.1982625059336266,0.4482691849686807,16.79225204259212,0,1,0
HTCR,2024,1.1086689489839603,Decline,-0.0882064233254411,1.2688921789309813,0.214087985750697,1.8105575724480312,0.391900834163774,0.0239937680608778,0.00053318882002,-0.1570340723911409,0.7460569185656756,16.45206726362394,1,0,0
SONM,2020,42.85159435284717,Early,-0.565977441831882,2.225798573800918,0.0036770551757036,1.2100103052821662,-0.4495359179705981,0.2534379297412176,0.0002186357131499,-0.1650206275784473,3.78081107740116,17.73375419508145,0,1,0
RVYL,2020,186.84745995099803,Early,-0.4064789961810353,1.0237423623565702,0.0851099415880905,0.6920264768458292,-0.1477419901134246,0.1599712141268959,0.0005422116543457,-0.4880552116330587,5.235630250241032,16.322075954529673,0,1,0
RVYL,2021,65.1362609582647,Early,-0.3650382379916449,4.312544433788288,0.454810332376423,0.3629820139317494,2.085566652961901,0.1471250054458358,0.0011973665022049,-1.0327465998025738,4.191717173724988,18.703396723250588,0,1,0
RVYL,2022,10.92806968576628,Decline,-0.4275231573207776,1.6119084044769094,0.6435088382987902,0.2857562305070417,0.2510828754712786,0.1907035048530024,0.0016623156962754,-0.2839322738334598,2.478894419645764,18.39697336161324,1,0,0
RVYL,2024,0.7283132649953047,Maturity,-0.2137952745864565,0.921210716424253,0.165412672969348,0.4463041113249728,-0.1498580515872413,0.0687167398835672,0.0003843763289607,0.3784242294367656,0.5471459415642739,18.621791350821123,0,0,1
ASNS,2023,1.7766554479044196,Decline,-0.4827586206896552,0.8553240740740741,0.3171166354807092,0.4305352891482989,-0.3651908051183331,0.4819835890117731,0.0008019246190858,-1.173207277916518,1.021247127131922,16.233475891101126,1,0,0
MYSZ,2023,1.7398497368018715,Early,-0.6816967624746234,1.7088705518308407,0.1125570014458903,0.7475157602307939,0.5689616505943037,0.1392224128073184,0.0007785563341118,-0.8727844482561463,1.0079030783129206,16.011734746189237,0,1,0
CETX,2024,0.2890251608141772,Early,-0.1561964653880938,1.4358379271312338,0.3270822213837154,1.4446248488198574,0.126250691401284,0.0502132810591738,0.0294079685175205,-0.0590656683958114,0.2538862434051616,17.60232082320849,0,1,0
